Crown Nails,city: Las Vegas || review_count: 8 || name: Crown Nails || neighborhoods:  Eastside  || type: business || full_address: 2250 E Tropicana Avenue Eastside Las Vegas NV 89119 || state: NV || longitude:  115 121452972 || stars: 3 5 || latitude: 36 1015293259 || attributes:  By Appointment Only False Accepts Credit Cards True Price Range 1 Parking garage False street False validated False lot True valet False  || open: True || categories:  Beauty Spas Nail Salons  || 
Lil Mama s Soul Food Cafe,city: Phoenix || review_count: 7 || name: Lil Mama s Soul Food Cafe || type: business || full_address: 4306 N 7th Ave Phoenix AZ 85013 || state: AZ || longitude:  112 0835024 || stars: 3 0 || latitude: 33 498858 || attributes:  Take out True Price Range 2 Outdoor Seating False Takes Reservations False Alcohol none Good For Groups False Delivery False Good For dessert False latenight False lunch False dinner False breakfast False brunch False Parking garage False street False validated False lot True valet False Attire casual Waiter Service True Accepts Credit Cards True Good for Kids True BYOB Corkage no Wheelchair Accessible True  || open: False || categories:  Soul Food Cajun Creole Southern Restaurants  || 
Avenue Uptown Condominium,city: Charlotte || review_count: 8 || name: Avenue Uptown Condominium || neighborhoods:  Fourth Ward  || type: business || full_address: 210 N Church St Fourth Ward Charlotte NC 28202 || state: NC || longitude:  80 842158 || stars: 4 0 || latitude: 35 22921 || open: True || categories:  Home Services Real Estate Apartments  || 
Arizona s Best Smoke Shop,city: Mesa || review_count: 15 || name: Arizona s Best Smoke Shop || type: business || full_address: 1955 W Main St Ste 102 Mesa AZ 85201 || hours:  Monday close 22 00 open 08 00 Tuesday close 22 00 open 08 00 Friday close 00 00 open 08 00 Wednesday close 22 00 open 08 00 Thursday close 00 00 open 08 00 Sunday close 22 00 open 09 00 Saturday close 00 00 open 08 00  || state: AZ || longitude:  111 8740404 || stars: 4 5 || latitude: 33 4133283 || attributes:  Dogs Allowed True Accepts Credit Cards True Wheelchair Accessible True Price Range 1 Parking garage False street False validated False lot True valet False  || open: True || categories:  Tobacco Shops Gift Shops Flowers Gifts Shopping  || 
Revel Salon and Color Studio,city: Lake Wylie || review_count: 7 || name: Revel Salon and Color Studio || type: business || full_address: 252 Latitude Ln Ste 104 Lake Wylie SC 29710 || hours:  Tuesday close 20 00 open 09 00 Friday close 17 00 open 09 00 Wednesday close 20 00 open 09 00 Thursday close 20 00 open 09 00 Saturday close 16 00 open 09 00  || state: SC || longitude:  81 037902832 || stars: 5 0 || latitude: 35 1019340572 || attributes:  Hair Types Specialized In coloring True africanamerican False curly False perms False kids False extensions False asian False straightperms False Wheelchair Accessible True Parking garage False street False validated False lot True valet False By Appointment Only True Accepts Credit Cards True Good for Kids True Price Range 2  || open: True || categories:  Hair Salons Beauty Spas  || 
Sol Diablo Cantina,city: Tempe || review_count: 35 || name: Sol Diablo Cantina || type: business || full_address: 560 S College Ave Tempe AZ 85281 || hours:  Monday close 22 00 open 11 00 Tuesday close 22 00 open 11 00 Friday close 02 00 open 11 00 Wednesday close 22 00 open 11 00 Thursday close 02 00 open 11 00 Sunday close 22 00 open 11 00 Saturday close 02 00 open 11 00  || state: AZ || longitude:  111 935391314 || stars: 3 5 || latitude: 33 4248119841 || attributes:  Alcohol full_bar Noise Level average Has TV True Attire casual Ambience romantic False intimate False classy False hipster False divey False touristy False trendy False upscale False casual True Good for Kids False Price Range 1 Good For Dancing False Delivery False Dogs Allowed True Coat Check False Smoking outdoor Accepts Credit Cards True Take out True Happy Hour True Outdoor Seating True Takes Reservations False Waiter Service True Wi Fi free Caters True Good For dessert False latenight False lunch True dinner False breakfast False brunch False Parking garage True street True validated False lot True valet False Music dj True background_music True jukebox False live False video False karaoke False Good For Groups True  || open: False || categories:  Wine Bars Bars Mexican Nightlife Restaurants  || 
Cactus Jack s Auto,city: Avondale || review_count: 3 || name: Cactus Jack s Auto || type: business || full_address: 507 E Van Buren Rd Avondale AZ 85323 || hours:  Tuesday close 19 00 open 09 00 Friday close 19 00 open 09 00 Monday close 19 00 open 09 00 Wednesday close 19 00 open 09 00 Thursday close 19 00 open 09 00  || state: AZ || longitude:  112 344244 || stars: 1 0 || latitude: 33 449225 || open: True || categories:  Automotive Car Dealers  || 
Quintero Jewelry More,city: Chandler || review_count: 3 || name: Quintero Jewelry More || type: business || full_address: 1007 N Arizona Ave Chandler AZ 85225 || state: AZ || longitude:  111 8415903 || stars: 5 0 || latitude: 33 3208185 || attributes:  Accepts Credit Cards True Price Range 1  || open: True || categories:  Shopping Jewelry  || 
Wells Fargo Bank,city: Las Vegas || review_count: 6 || name: Wells Fargo Bank || neighborhoods:  Centennial  || type: business || full_address: 6585 N Decatur Blvd Centennial Las Vegas NV 89131 || hours:  Monday close 17 00 open 09 00 Tuesday close 17 00 open 09 00 Friday close 18 00 open 09 00 Wednesday close 17 00 open 09 00 Thursday close 17 00 open 09 00 Saturday close 16 00 open 09 00  || state: NV || longitude:  115 2071197 || stars: 4 0 || latitude: 36 2794882 || open: True || categories:  Banks Credit Unions Financial Services  || 
Ahwatukee Pediatrics PC,city: Phoenix || review_count: 5 || name: Ahwatukee Pediatrics PC || type: business || full_address: 15715 S 46th St Ste 102 Phoenix AZ 85048 || hours:  Monday close 17 00 open 08 30 Tuesday close 18 30 open 08 30 Friday close 17 00 open 08 30 Wednesday close 17 00 open 08 30 Thursday close 17 00 open 08 30 Saturday close 12 00 open 08 30  || state: AZ || longitude:  111 9842775 || stars: 2 5 || latitude: 33 3039383 || attributes:  By Appointment Only True  || open: True || categories:  Doctors Health Medical Pediatricians  || 
Black Jack Bail Bonds,city: Las Vegas || review_count: 4 || name: Black Jack Bail Bonds || neighborhoods:  Downtown  || type: business || full_address: 721 S Main St Downtown Las Vegas NV 89101 || state: NV || longitude:  115 1509759 || stars: 2 0 || latitude: 36 163786 || open: True || categories:  Local Services Bail Bondsmen  || 
Average Broz Gymnasium,city: Las Vegas || review_count: 3 || name: Average Broz Gymnasium || neighborhoods:  Southeast  || type: business || full_address: 9155 Las Vegas Blvd S Ste 232 Southeast Las Vegas NV 89123 || hours:  Monday close 21 00 open 09 00 Tuesday close 21 00 open 09 00 Friday close 21 00 open 09 00 Wednesday close 21 00 open 09 00 Thursday close 21 00 open 09 00 Sunday close 14 00 open 09 00 Saturday close 14 00 open 09 00  || state: NV || longitude:  115 1762434 || stars: 5 0 || latitude: 36 0221071 || attributes:  Good for Kids False  || open: True || categories:  Active Life Gyms Trainers Fitness Instruction  || 
Extra Space Storage,city: Mesa || review_count: 5 || name: Extra Space Storage || type: business || full_address: 112 N Alma School Rd Mesa AZ 85201 || hours:  Monday close 18 00 open 09 30 Tuesday close 18 00 open 09 30 Friday close 18 00 open 09 30 Wednesday close 18 00 open 09 30 Thursday close 18 00 open 09 30 Saturday close 17 30 open 09 00  || state: AZ || longitude:  111 857782 || stars: 4 0 || latitude: 33 41715 || attributes:  Accepts Credit Cards True  || open: True || categories:  Local Services Self Storage  || 
American Granite,city: Surprise || review_count: 3 || name: American Granite || type: business || full_address: 13410 W Foxfire Dr Surprise AZ 85378 || hours:  Monday close 17 00 open 08 00 Tuesday close 17 00 open 08 00 Friday close 17 00 open 08 00 Wednesday close 17 00 open 08 00 Thursday close 17 00 open 08 00 Saturday close 14 00 open 09 00  || state: AZ || longitude:  112 3481694 || stars: 5 0 || latitude: 33 6430175 || open: True || categories:  Building Supplies Home Services  || 
Pittsburgh General Tire,city: Pittsburgh || review_count: 7 || name: Pittsburgh General Tire || neighborhoods:  Lawrenceville  || type: business || full_address: 3301 Smallman St Lawrenceville Pittsburgh PA 15201 || state: PA || longitude:  79 968934 || stars: 4 0 || latitude: 40 463206 || open: True || categories:  Tires Automotive  || 
Starbucks,city: Cave Creek || review_count: 8 || name: Starbucks || type: business || full_address: 4815 E Carefree Hwy Cave Creek AZ 85331 || hours:  Monday close 20 00 open 05 00 Tuesday close 20 00 open 05 00 Friday close 20 00 open 05 00 Wednesday close 20 00 open 05 00 Thursday close 20 00 open 05 00 Sunday close 20 00 open 05 00 Saturday close 20 00 open 05 00  || state: AZ || longitude:  111 9770795 || stars: 5 0 || latitude: 33 7976036 || attributes:  Accepts Credit Cards True Price Range 2 Outdoor Seating True Wi Fi free Parking garage False street False validated False lot True valet False  || open: True || categories:  Food Coffee Tea  || 
Planet Fitness Pittsburgh Edgewood,city: Pittsburgh || review_count: 25 || name: Planet Fitness Pittsburgh Edgewood || type: business || full_address: 1635 S Braddock Ave Pittsburgh PA 15218 || hours:  Monday close 00 00 open 00 00 Tuesday close 00 00 open 00 00 Friday close 00 00 open 00 00 Wednesday close 00 00 open 00 00 Thursday close 00 00 open 00 00 Sunday close 00 00 open 00 00 Saturday close 00 00 open 00 00  || state: PA || longitude:  79 8901734 || stars: 3 5 || latitude: 40 4267764 || attributes:  Good for Kids False  || open: True || categories:  Active Life Gyms Trainers Fitness Instruction  || 
Flowers of Charlotte,city: Charlotte || review_count: 11 || name: Flowers of Charlotte || neighborhoods:  South Park  || type: business || full_address: 5110 Park Rd Ste 1A South Park Charlotte NC 28209 || hours:  Monday close 18 00 open 10 00 Tuesday close 18 00 open 10 00 Friday close 18 00 open 10 00 Wednesday close 18 00 open 10 00 Thursday close 18 00 open 10 00 Sunday close 00 00 open 08 00 Saturday close 17 00 open 10 00  || state: NC || longitude:  80 8492524 || stars: 3 5 || latitude: 35 1610509 || attributes:  Delivery True Accepts Credit Cards True  || open: True || categories:  Flowers Gifts Shopping Florists  || 
Amy s Hallmark,city: Tempe || review_count: 3 || name: Amy s Hallmark || type: business || full_address: 2000 E Rio Salado Pkwy Tempe AZ 85281 || state: AZ || longitude:  111 9043028 || stars: 4 0 || latitude: 33 4329724 || attributes:  Price Range 2 Accepts Credit Cards True Wheelchair Accessible True Parking garage False street False validated False lot False valet False  || open: False || categories:  Cards Stationery Arts Crafts Flowers Gifts Shopping Event Planning Services  || 
Fresca s Mexican Grill,city: Phoenix || review_count: 11 || name: Fresca s Mexican Grill || type: business || full_address: 4250 W Anthem Way Phoenix AZ 85086 || state: AZ || longitude:  112 1502292 || stars: 2 0 || latitude: 33 8738718 || attributes:  Take out True Accepts Credit Cards True Noise Level average Takes Reservations False Delivery False Ambience romantic False intimate False touristy False hipster False divey False classy False trendy False upscale False casual False Has TV True Parking garage False street False validated False lot False valet False Attire dressy Wi Fi free Good for Kids True Good For Groups True Price Range 1  || open: True || categories:  Fast Food Mexican Restaurants  || 
Providence Eye Laser Specialists,city: Charlotte || review_count: 11 || name: Providence Eye Laser Specialists || neighborhoods:  Arboretum  || type: business || full_address: 3025 Springbank Ln Ste 200 Arboretum Charlotte NC 28226 || hours:  Tuesday close 17 00 open 08 00 Friday close 17 00 open 08 00 Monday close 17 00 open 08 00 Wednesday close 17 00 open 08 00 Thursday close 17 00 open 08 00  || state: NC || longitude:  80 7799386978 || stars: 5 0 || latitude: 35 1017959564 || attributes:  By Appointment Only True  || open: True || categories:  Optometrists Laser Eye Surgery Lasik Ophthalmologists Health Medical Doctors  || 
Crocs Outlet,city: Las Vegas || review_count: 7 || name: Crocs Outlet || neighborhoods:  Downtown  || type: business || full_address: 875 S Grand Central Pkwy Downtown Las Vegas NV 89106 || state: NV || longitude:  115 1593311 || stars: 3 0 || latitude: 36 1629138 || attributes:  Accepts Credit Cards True  || open: True || categories:  Fashion Shopping Shoe Stores  || 
Pousse L ananas,city: Montr al || review_count: 3 || name: Pousse L ananas || neighborhoods:  Villeray Saint Michel Parc Extension  || type: business || full_address: 6346 Rue Saint Hubert Villeray Saint Michel Parc Extension Montr al QC H2S 2M2 || hours:  Monday close 18 30 open 08 00 Tuesday close 18 30 open 08 00 Friday close 21 00 open 08 00 Wednesday close 18 30 open 08 00 Thursday close 21 00 open 08 00 Sunday close 18 00 open 09 00 Saturday close 18 00 open 09 00  || state: QC || longitude:  73 6018415 || stars: 4 5 || latitude: 45 5355438 || attributes:  Accepts Credit Cards True Price Range 2 Parking garage False street False validated False lot False valet False  || open: True || categories:  Food Grocery Organic Stores  || 
Precise Pest Solutions,city: Phoenix || review_count: 3 || name: Precise Pest Solutions || type: business || full_address: 39506 N Daisy Mountain Dr Ste 122 230 Phoenix AZ 85086 || hours:  Tuesday close 17 00 open 07 00 Friday close 17 00 open 07 00 Monday close 17 00 open 07 00 Wednesday close 17 00 open 07 00 Thursday close 17 00 open 07 00  || state: AZ || longitude:  112 1345842 || stars: 5 0 || latitude: 33 8448745 || attributes:  Accepts Credit Cards True  || open: True || categories:  Local Services Pest Control  || 
Align Chiropractic,city: Las Vegas || review_count: 37 || name: Align Chiropractic || neighborhoods:  Southwest Spring Valley  || type: business || full_address: 8680 W Warm Springs Rd Ste 155 Southwest Las Vegas NV 89148 || hours:  Tuesday close 18 00 open 09 00 Friday close 17 00 open 09 00 Monday close 18 00 open 09 00 Wednesday close 18 00 open 09 00 Thursday close 18 00 open 09 00  || state: NV || longitude:  115 2812973 || stars: 4 0 || latitude: 36 0561226 || attributes:  By Appointment Only False Accepts Credit Cards True Price Range 1 Accepts Insurance True Parking garage False street False validated False lot True valet False  || open: True || categories:  Health Medical Massage Chiropractors Beauty Spas  || 
Fresh Wheels Alloy Wheel Repair and Refurbishing,city: Phoenix || review_count: 12 || name: Fresh Wheels Alloy Wheel Repair and Refurbishing || type: business || full_address: Phoenix AZ 85016 || hours:  Tuesday close 17 00 open 08 00 Friday close 17 00 open 08 00 Monday close 17 00 open 08 00 Wednesday close 17 00 open 08 00 Thursday close 17 00 open 08 00  || state: AZ || longitude:  112 257319101 || stars: 5 0 || latitude: 33 5660714355 || open: True || categories:  Auto Repair Automotive Wheel Rim Repair  || 
Club Unity,city: Las Vegas || review_count: 9 || name: Club Unity || neighborhoods:  Eastside University  || type: business || full_address: 700 E Naples Dr Ste 110 Eastside Las Vegas NV 89119 || hours:  Monday close 03 00 open 18 00 Tuesday close 03 00 open 18 00 Friday close 03 00 open 18 00 Wednesday close 03 00 open 18 00 Thursday close 03 00 open 18 00 Sunday close 03 00 open 18 00 Saturday close 03 00 open 18 00  || state: NV || longitude:  115 1492441 || stars: 4 5 || latitude: 36 1059852 || attributes:  Alcohol full_bar Good For Dancing True Noise Level average Parking garage False street True validated True lot True valet False Smoking yes Dogs Allowed False Happy Hour True Has TV True Outdoor Seating True Coat Check True Ambience romantic False intimate False classy False hipster False divey False touristy False trendy False upscale False casual False Music dj True Accepts Credit Cards True Wheelchair Accessible True Good For Groups True Price Range 1  || open: False || categories:  Bars Gay Bars Nightlife  || 
V Stained Concrete,city: Scottsdale || review_count: 3 || name: V Stained Concrete || type: business || full_address: 6501 E Greenway Pkwy Ste 103 258 Scottsdale AZ 85254 || hours:  Monday close 19 00 open 07 00 Tuesday close 19 00 open 07 00 Friday close 19 00 open 07 00 Wednesday close 19 00 open 07 00 Thursday close 19 00 open 07 00 Sunday close 14 00 open 09 00 Saturday close 19 00 open 07 00  || state: AZ || longitude:  111 9418897 || stars: 4 5 || latitude: 33 6249626 || attributes:  Accepts Credit Cards True  || open: True || categories:  Masonry Concrete Home Services  || 
5 5 Brows,city: Phoenix || review_count: 15 || name: 5 5 Brows || type: business || full_address: 4025 E Chandler Blvd Ste 52 Phoenix AZ 85048 || hours:  Monday close 19 00 open 10 00 Tuesday close 19 00 open 10 00 Friday close 19 00 open 10 00 Wednesday close 19 00 open 10 00 Thursday close 19 00 open 10 00 Sunday close 17 00 open 11 00 Saturday close 19 00 open 10 00  || state: AZ || longitude:  111 994537094 || stars: 4 0 || latitude: 33 3044666512 || attributes:  By Appointment Only False Accepts Credit Cards True Wheelchair Accessible True Price Range 1 Parking garage False street False validated False lot False valet False  || open: True || categories:  Skin Care Waxing Hair Removal Eyelash Service Beauty Spas  || 
KoMex Fusion,city: Las Vegas || review_count: 1056 || name: KoMex Fusion || type: business || full_address: 633 N Decatur Blvd Ste H Las Vegas NV 89107 || hours:  Monday close 20 00 open 11 00 Tuesday close 20 00 open 11 00 Friday close 20 00 open 11 00 Wednesday close 20 00 open 11 00 Thursday close 20 00 open 11 00 Saturday close 20 00 open 11 00  || state: NV || longitude:  115 206417 || stars: 4 5 || latitude: 36 179939 || attributes:  Take out True Accepts Credit Cards True Price Range 1 Outdoor Seating False Caters False Noise Level average Parking garage False street False validated False lot True valet False Good For Groups True Delivery False Dogs Allowed False Attire casual Has TV True Good For dessert False latenight False lunch True dinner False brunch False breakfast False Takes Reservations True Ambience romantic False intimate False touristy False hipster False divey False classy False trendy False upscale False casual True Waiter Service True Wi Fi free Good for Kids True Alcohol none Wheelchair Accessible True  || open: True || categories:  Korean Asian Fusion Mexican Restaurants  || 
Philong,city: Karlsruhe || review_count: 4 || name: Philong || type: business || full_address: Karl Friedrich Stra e 26 76133 Karlsruhe || state: BW || longitude: 8 4036 || stars: 4 0 || latitude: 49 0067 || attributes:  Price Range 2  || open: True || categories:  Chinese Restaurants  || 
Just Brakes,city: Scottsdale || review_count: 10 || name: Just Brakes || type: business || full_address: 9550 N 90th St Scottsdale AZ 85258 || hours:  Monday close 20 00 open 07 30 Tuesday close 20 00 open 07 30 Friday close 20 00 open 07 30 Wednesday close 20 00 open 07 30 Thursday close 20 00 open 07 30 Sunday close 17 00 open 09 00 Saturday close 19 00 open 07 00  || state: AZ || longitude:  111 8876168 || stars: 2 0 || latitude: 33 5724885 || open: True || categories:  Auto Repair Automotive  || 
Heather Mongie Signature Real Estate Group,city: Las Vegas || review_count: 8 || name: Heather Mongie Signature Real Estate Group || neighborhoods:  Westside  || type: business || full_address: 9525 Hillwood Dr Ste 120 Westside Las Vegas NV 89134 || hours:  Monday close 18 00 open 08 00 Tuesday close 18 00 open 08 00 Friday close 18 00 open 08 00 Wednesday close 18 00 open 08 00 Thursday close 18 00 open 08 00 Saturday close 16 00 open 10 00  || state: NV || longitude:  115 260314 || stars: 5 0 || latitude: 36 130457 || open: True || categories:  Real Estate Services Home Services Real Estate  || 
Applebee s,city: Las Vegas || review_count: 63 || name: Applebee s || neighborhoods:  Westside  || type: business || full_address: 8730 W Charleston Blvd Westside Las Vegas NV 89117 || state: NV || longitude:  115 2864495 || stars: 3 0 || latitude: 36 1595644 || attributes:  Take out True Drive Thru False Outdoor Seating False Good For Dancing False Noise Level average Parking garage False street False validated False lot True valet False Good For Groups True Delivery False Happy Hour True Attire casual Has TV True Price Range 2 Good For dessert True latenight False lunch False dinner False brunch False breakfast False Takes Reservations False Ambience romantic False intimate False touristy False hipster False divey False classy False trendy False upscale False casual False Waiter Service True Accepts Credit Cards True Good for Kids True Alcohol full_bar Wheelchair Accessible True  || open: True || categories:  Bars American Traditional Burgers Nightlife Sports Bars Restaurants  || 
Little Cleo s Seafood Legend,city: Phoenix || review_count: 175 || name: Little Cleo s Seafood Legend || type: business || full_address: 5632 N 7th St Ste 120 Phoenix AZ 85014 || hours:  Monday close 22 00 open 16 00 Tuesday close 22 00 open 16 00 Friday close 23 00 open 16 00 Wednesday close 22 00 open 16 00 Thursday close 22 00 open 16 00 Saturday close 23 00 open 16 00  || state: AZ || longitude:  112 065351 || stars: 4 0 || latitude: 33 519577 || attributes:  Take out False Accepts Credit Cards True Price Range 3 Outdoor Seating True Caters False Noise Level average Parking garage False street False validated False lot False valet True Good For Groups True Delivery False Dogs Allowed False Attire casual Has TV False Good For dessert False latenight False lunch False dinner True breakfast False brunch False Takes Reservations True Ambience romantic False intimate False classy False hipster False divey False touristy False trendy True upscale False casual False Waiter Service True Wi Fi no Good for Kids False Alcohol full_bar Wheelchair Accessible True  || open: True || categories:  Seafood American New Restaurants  || 
Beautif Eye Studios,city: Scottsdale || review_count: 3 || name: Beautif Eye Studios || type: business || full_address: Bronze Boutique 4545 N Scottsdale Rd Scottsdale AZ 85251 || state: AZ || longitude:  111 925762 || stars: 4 5 || latitude: 33 50366 || open: True || categories:  Beauty Spas  || 
Macy s,city: Gilbert || review_count: 17 || name: Macy s || type: business || full_address: 2190 East Williams Field Road 2190 E Williams Field Rd Gilbert AZ 85295 || hours:  Monday close 21 00 open 10 00 Tuesday close 21 00 open 10 00 Friday close 21 00 open 10 00 Wednesday close 21 00 open 10 00 Thursday close 21 00 open 10 00 Sunday close 19 00 open 11 00 Saturday close 21 00 open 09 00  || state: AZ || longitude:  111 74022344 || stars: 3 0 || latitude: 33 3111141527 || attributes:  Accepts Credit Cards True Price Range 3 Parking garage False street False validated False lot True valet False  || open: True || categories:  Women s Clothing Department Stores Fashion Shopping Men s Clothing  || 
Dollar Tree Store No 03538,city: Laveen || review_count: 3 || name: Dollar Tree Store No 03538 || type: business || full_address: 5250 W Baseline Rd Laveen AZ 85339 || state: AZ || longitude:  112 1759615 || stars: 2 5 || latitude: 33 3775558 || open: True || 
The UPS Store,city: Las Vegas || review_count: 6 || name: The UPS Store || neighborhoods:  Eastside  || type: business || full_address: 2550 E Desert Inn Rd Eastside Las Vegas NV 89121 || hours:  Monday close 18 00 open 08 00 Tuesday close 18 00 open 08 00 Friday close 18 00 open 08 00 Wednesday close 18 00 open 08 00 Thursday close 18 00 open 08 00 Saturday close 17 00 open 09 00  || state: NV || longitude:  115 114832518 || stars: 1 5 || latitude: 36 1307903234 || attributes:  Accepts Credit Cards True  || open: True || categories:  Local Services Shipping Centers Printing Services Notaries  || 
Chop Chop Wok,city: Las Vegas || review_count: 118 || name: Chop Chop Wok || neighborhoods:  Northwest  || type: business || full_address: 6812 W Cheyenne Ave Northwest Las Vegas NV 89108 || hours:  Monday close 22 00 open 11 00 Tuesday close 22 00 open 11 00 Friday close 22 00 open 11 00 Wednesday close 22 00 open 11 00 Thursday close 22 00 open 11 00 Sunday close 22 00 open 11 00 Saturday close 22 00 open 11 00  || state: NV || longitude:  115 2441924 || stars: 4 0 || latitude: 36 2182922 || attributes:  Take out True Accepts Credit Cards True Price Range 1 Outdoor Seating False Caters True Noise Level quiet Parking garage False street False validated False lot True valet False Good For Groups True Delivery True Attire casual Has TV False Good For dessert False latenight False lunch True dinner True breakfast False brunch False Takes Reservations False Ambience romantic False intimate False touristy False hipster False divey False classy False trendy False upscale False casual True Waiter Service True Wi Fi no Good for Kids True Alcohol none Wheelchair Accessible True  || open: True || categories:  Chinese Restaurants  || 
Dolly Steamboat,city: Apache Junction || review_count: 49 || name: Dolly Steamboat || type: business || full_address: Canyon Lake Marina Apache Junction AZ 85119 || hours:  Tuesday close 13 30 open 12 00 Friday close 13 30 open 12 00 Wednesday close 13 30 open 12 00 Thursday close 13 30 open 12 00 Sunday close 15 30 open 14 00 Saturday close 15 30 open 14 00  || state: AZ || longitude:  111 5495777 || stars: 4 5 || latitude: 33 4150485 || attributes:  Good for Kids True  || open: True || categories:  Active Life Hotels Travel Tours Lakes  || 
Home Goods,city: Paradise Valley || review_count: 7 || name: Home Goods || type: business || full_address: E Cactus Rd N Tatum Rd Paradise Valley AZ 85032 || state: AZ || longitude:  111 984781565 || stars: 4 0 || latitude: 33 5982395102 || attributes:  Accepts Credit Cards True Price Range 2 Parking garage False street False validated False lot True valet False  || open: True || categories:  Shopping Home Decor Home Garden Furniture Stores  || 
The Rat Pack,city: Edinburgh || review_count: 5 || name: The Rat Pack || neighborhoods:  West End  || type: business || full_address: 9 Shandwick Place West End Edinburgh EH2 4RG || hours:  Monday close 03 00 open 19 00 Tuesday close 03 00 open 19 00 Friday close 03 00 open 19 00 Wednesday close 03 00 open 19 00 Thursday close 03 00 open 19 00 Sunday close 03 00 open 19 00 Saturday close 03 00 open 19 00  || state: EDH || longitude:  3 208515 || stars: 3 5 || latitude: 55 9497051 || attributes:  Alcohol full_bar Music dj False background_music False karaoke False live True video False jukebox False Ambience romantic False intimate False classy False hipster False divey False touristy False trendy False upscale False casual False Accepts Credit Cards True Good For Groups True Price Range 2  || open: True || categories:  Bars Arts Entertainment Nightlife Music Venues  || 
Happy Pets Palace and Playground,city: Mesa || review_count: 12 || name: Happy Pets Palace and Playground || type: business || full_address: 1918 E McKellips Rd Mesa AZ 85203 || hours:  Monday close 18 30 open 06 00 Tuesday close 18 30 open 06 00 Friday close 18 30 open 06 00 Wednesday close 18 30 open 06 00 Thursday close 18 30 open 06 00 Sunday close 18 30 open 16 00 Saturday close 18 30 open 06 00  || state: AZ || longitude:  111 7893824 || stars: 3 5 || latitude: 33 4517387 || open: True || categories:  Pet Services Pet Boarding Pet Sitting Pets  || 
Huaraches Moroleon,city: Urbana || review_count: 101 || name: Huaraches Moroleon || type: business || full_address: 805 Philo Rd Urbana IL 61801 || hours:  Monday close 21 30 open 08 00 Tuesday close 21 30 open 08 00 Friday close 22 00 open 08 00 Wednesday close 21 30 open 08 00 Thursday close 21 30 open 08 00 Sunday close 20 00 open 08 00 Saturday close 22 00 open 08 00  || state: IL || longitude:  88 1951107 || stars: 4 5 || latitude: 40 105859 || attributes:  Take out True Accepts Credit Cards True Price Range 1 Outdoor Seating False Caters True Noise Level average Parking garage False street False validated False lot True valet False Good For Groups True Delivery False Dogs Allowed False Attire casual Has TV True Good For dessert False latenight False lunch False dinner True brunch False breakfast False Takes Reservations False Ambience romantic False intimate False touristy False hipster False divey False classy False trendy False upscale False casual True Waiter Service True Wi Fi no Good for Kids True Alcohol full_bar Wheelchair Accessible True  || open: True || categories:  Mexican Restaurants  || 
Canton Dragon Asian Grill And Bar,city: Scottsdale || review_count: 43 || name: Canton Dragon Asian Grill And Bar || type: business || full_address: 10190 N 90th St Ste 101 Scottsdale AZ 85258 || hours:  Monday close 21 30 open 11 00 Tuesday close 21 30 open 11 00 Friday close 22 00 open 11 00 Wednesday close 21 30 open 11 00 Thursday close 21 30 open 11 00 Sunday close 21 30 open 12 00 Saturday close 22 00 open 12 00  || state: AZ || longitude:  111 8869343 || stars: 3 0 || latitude: 33 5788551 || attributes:  Take out True Accepts Credit Cards True Price Range 2 Outdoor Seating False Caters False Noise Level quiet Parking garage False street False validated False lot True valet False Good For Groups True Delivery True Attire casual Has TV True Good For dessert False latenight False lunch False dinner True brunch False breakfast False Takes Reservations True Ambience romantic False intimate False touristy False hipster False divey False classy False trendy False upscale False casual True Waiter Service True Wi Fi free Good for Kids True Alcohol full_bar Wheelchair Accessible True  || open: True || categories:  Chinese Restaurants  || 
The Kollege Klub,city: Madison || review_count: 25 || name: The Kollege Klub || neighborhoods:  Capitol  || type: business || full_address: 529 N Lake St Capitol Madison WI 53703 || hours:  Tuesday close 02 00 open 07 30 Friday close 02 30 open 07 30 Wednesday close 02 00 open 07 30 Thursday close 02 00 open 07 30 Sunday close 02 00 open 21 00 Saturday close 02 30 open 09 00  || state: WI || longitude:  89 3970644 || stars: 2 5 || latitude: 43 0756224 || attributes:  Alcohol full_bar Noise Level very_loud Has TV True Attire casual Ambience romantic False intimate False touristy False hipster False divey False classy False trendy False upscale False casual False Good for Kids False Price Range 1 Good For Dancing True Delivery False Coat Check True Smoking no Accepts Credit Cards True Take out False Happy Hour True Wheelchair Accessible False Outdoor Seating False Takes Reservations False Waiter Service False Wi Fi no Caters False Good For dessert False latenight False lunch False dinner False breakfast False brunch False Good For Groups True  || open: True || categories:  Nightlife Bars American New Sports Bars Restaurants  || 
Lux Lounge,city: Montr al || review_count: 4 || name: Lux Lounge || neighborhoods:  Ville Marie  || type: business || full_address: 1401 Rue Mackay Ville Marie Montr al QC H3G 2H6 || state: QC || longitude:  73 577267 || stars: 3 5 || latitude: 45 4960817 || attributes:  Alcohol full_bar Good For Dancing True Noise Level average Happy Hour False Music dj True Outdoor Seating False Parking garage False street False validated False lot False valet False Ambience romantic False intimate False classy False hipster False divey False touristy False trendy False upscale False casual False Has TV True Accepts Credit Cards True Good For Groups True Price Range 2  || open: True || categories:  Bars Hookah Bars Nightlife  || 
Sonic Drive In,city: Peoria || review_count: 6 || name: Sonic Drive In || type: business || full_address: 10969 N 83rd Ave Peoria AZ 85345 || state: AZ || longitude:  112 2371334 || stars: 2 5 || latitude: 33 5843009 || attributes:  Take out True Accepts Credit Cards True Drive Thru False Outdoor Seating True Attire casual Delivery False Has TV False Good For dessert False latenight False lunch False dinner False brunch False breakfast False Takes Reservations False Wi Fi no Good for Kids True Good For Groups True Price Range 1  || open: True || categories:  American Traditional Fast Food Restaurants  || 
Restaurant Prima Luna,city: Montr al || review_count: 9 || name: Restaurant Prima Luna || neighborhoods:  u Montr xe9al Nord  || type: business || full_address: 7301Boulevard Henri Bourassa E Montr al Nord Montr al QC H1E 2Z6 || hours:  Monday close 22 30 open 11 30 Tuesday close 22 30 open 11 30 Friday close 22 30 open 11 30 Wednesday close 22 30 open 11 30 Thursday close 22 30 open 11 30 Saturday close 22 30 open 17 00  || state: QC || longitude:  73 594176 || stars: 4 0 || latitude: 45 617234 || attributes:  Take out False Accepts Credit Cards True Price Range 3 Outdoor Seating False Caters False Attire casual Delivery False Has TV True Good For dessert False latenight False lunch False dinner False brunch False breakfast False Takes Reservations True Waiter Service True Wi Fi no Good for Kids True Good For Groups True Alcohol full_bar  || open: True || categories:  Restaurants Sushi Bars Italian  || 
Jack In The Box,city: Las Vegas || review_count: 19 || name: Jack In The Box || neighborhoods:  Eastside  || type: business || full_address: 3790 E Tropicana Ave Eastside Las Vegas NV 89121 || state: NV || longitude:  115 0919762 || stars: 2 5 || latitude: 36 1006486 || attributes:  Take out True Accepts Credit Cards True Drive Thru True Outdoor Seating False Caters False Noise Level average Parking garage False street False validated False lot True valet False Delivery False Attire casual Has TV False Price Range 1 Good For dessert False latenight False lunch False dinner False breakfast True brunch False Takes Reservations False Ambience romantic False intimate False touristy False hipster False divey False classy False trendy False upscale False casual False Waiter Service False Wi Fi no Good for Kids True Good For Groups True Alcohol none  || open: True || categories:  Fast Food Restaurants  || 
Seafood Shack,city: Las Vegas || review_count: 116 || name: Seafood Shack || neighborhoods:  The Strip  || type: business || full_address: Treasure Island 3300 Las Vegas Blvd S The Strip Las Vegas NV 89109 || hours:  Monday close 22 00 open 17 00 Tuesday close 22 00 open 17 00 Friday close 22 00 open 17 00 Wednesday close 22 00 open 17 00 Thursday close 22 00 open 17 00 Sunday close 22 00 open 17 00 Saturday close 22 00 open 17 00  || state: NV || longitude:  115 173821746 || stars: 3 5 || latitude: 36 1253695251 || attributes:  Take out True Accepts Credit Cards True Price Range 2 Outdoor Seating False Caters False Noise Level average Parking garage True street False validated False lot False valet False Delivery False Attire casual Has TV True Good For dessert False latenight False lunch False dinner True breakfast False brunch False Takes Reservations True Ambience romantic False intimate False touristy False hipster False divey False classy False trendy False upscale False casual True Waiter Service True Wi Fi no Good for Kids True Good For Groups True Alcohol full_bar  || open: True || categories:  Seafood Fish Chips Restaurants  || 
CleanMax Incorporated,city: North Las Vegas || review_count: 4 || name: CleanMax Incorporated || neighborhoods:  Northwest  || type: business || full_address: 4780 W Ann Rd Ste 5 148 Northwest North Las Vegas NV 89031 || hours:  Tuesday close 17 00 open 08 00 Friday close 17 00 open 08 00 Monday close 17 00 open 08 00 Wednesday close 17 00 open 08 00 Thursday close 17 00 open 08 00  || state: NV || longitude:  115 2066936 || stars: 5 0 || latitude: 36 2625247 || open: True || categories:  Local Services Carpet Cleaning  || 
Cathedral of Learning,city: Pittsburgh || review_count: 67 || name: Cathedral of Learning || neighborhoods:  Oakland  || type: business || full_address: University of Pittsburgh 4200 5th Ave Oakland Pittsburgh PA 15289 || hours:  Monday close 16 00 open 09 00 Tuesday close 16 00 open 09 00 Friday close 16 00 open 09 00 Wednesday close 16 00 open 09 00 Thursday close 16 00 open 09 00 Sunday close 16 00 open 11 00 Saturday close 16 00 open 09 00  || state: PA || longitude:  79 9534454451 || stars: 4 5 || latitude: 40 444196791 || attributes:  Good for Kids True  || open: True || categories:  Colleges Universities Museums Arts Entertainment Education  || 
Tip Top Nail Salon I,city: Mesa || review_count: 10 || name: Tip Top Nail Salon I || type: business || full_address: 1933 W Main Street Mesa AZ 85201 || hours:  Monday close 19 00 open 10 00 Tuesday close 19 00 open 10 00 Friday close 19 00 open 10 00 Wednesday close 19 00 open 10 00 Thursday close 19 00 open 10 00 Sunday close 18 00 open 11 00 Saturday close 19 00 open 10 00  || state: AZ || longitude:  111 8735797 || stars: 1 5 || latitude: 33 413244 || attributes:  By Appointment Only False Accepts Credit Cards True Wheelchair Accessible True Price Range 1 Parking garage False street False validated False lot True valet False  || open: True || categories:  Beauty Spas Nail Salons  || 
Custom Art Designs,city: Mesa || review_count: 3 || name: Custom Art Designs || type: business || full_address: 541 E Juanita Ave Ste 9 Mesa AZ 85204 || hours:  Tuesday close 18 00 open 09 00 Friday close 18 00 open 09 00 Monday close 18 00 open 09 00 Wednesday close 18 00 open 09 00 Thursday close 18 00 open 09 00  || state: AZ || longitude:  111 8195774 || stars: 5 0 || latitude: 33 3811384 || attributes:  Price Range 2 Accepts Credit Cards True Wheelchair Accessible True Parking garage False street False validated False lot False valet False  || open: True || categories:  Arts Crafts Shopping Framing  || 
TC Tacos,city: Tempe || review_count: 71 || name: TC Tacos || type: business || full_address: 119 E Southern Ave Tempe AZ 85282 || hours:  Monday close 21 00 open 10 00 Tuesday close 21 00 open 10 00 Friday close 21 00 open 10 00 Wednesday close 21 00 open 10 00 Thursday close 21 00 open 10 00 Sunday close 21 00 open 10 00 Saturday close 21 00 open 10 00  || state: AZ || longitude:  111 9383874 || stars: 4 5 || latitude: 33 3915708 || attributes:  Take out True Accepts Credit Cards True Price Range 1 Outdoor Seating False Caters True Noise Level quiet Parking garage False street False validated False lot True valet False Alcohol none Good For Groups True Delivery False Attire casual Has TV True Good For dessert False latenight False lunch True dinner True brunch False breakfast False Takes Reservations True Ambience romantic False intimate False classy False hipster False divey True touristy False trendy False upscale False casual True Waiter Service True Wi Fi no Good for Kids True BYOB Corkage no Wheelchair Accessible True  || open: True || categories:  Mexican Restaurants  || 
College Pest Control,city: Chandler || review_count: 3 || name: College Pest Control || type: business || full_address: 4613 W Mercury Way Chandler AZ 85226 || state: AZ || longitude:  111 922784 || stars: 1 0 || latitude: 33 302237 || open: True || categories:  Local Services Pest Control  || 
Velocity,city: Phoenix || review_count: 5 || name: Velocity || type: business || full_address: 2303 E Indian School Rd Phoenix AZ 85016 || state: AZ || longitude:  112 032116 || stars: 3 5 || latitude: 33 494539 || open: False || categories:  Bars Gay Bars Nightlife  || 
Bodyheat Tanning,city: Las Vegas || review_count: 15 || name: Bodyheat Tanning || neighborhoods:  Westside  || type: business || full_address: 5200 W Sahara Ave Suite 102 Ste 102 Westside Las Vegas NV 89146 || hours:  Monday close 22 00 open 09 00 Tuesday close 22 00 open 09 00 Friday close 22 00 open 09 00 Wednesday close 22 00 open 09 00 Thursday close 22 00 open 09 00 Sunday close 18 30 open 10 00 Saturday close 20 30 open 09 00  || state: NV || longitude:  115 2128806 || stars: 3 0 || latitude: 36 145674 || attributes:  By Appointment Only False Accepts Credit Cards True Wheelchair Accessible True Price Range 2 Parking garage False street False validated False lot True valet False  || open: True || categories:  Tanning Beauty Spas  || 
The Radisson Hotel Phoenix North,city: Phoenix || review_count: 18 || name: The Radisson Hotel Phoenix North || type: business || full_address: 10220 N Metro Pkwy E Phoenix AZ 85051 || state: AZ || longitude:  112 1195513 || stars: 2 5 || latitude: 33 5793892 || attributes:  Accepts Credit Cards True Wi Fi free Price Range 2  || open: True || categories:  Hotels Travel Event Planning Services Hotels  || 
Imperial Outpost Games,city: Glendale || review_count: 21 || name: Imperial Outpost Games || type: business || full_address: 4920 W Thunderbird Rd Glendale AZ 85306 || hours:  Monday close 21 00 open 10 00 Tuesday close 21 00 open 10 00 Friday close 00 00 open 10 00 Wednesday close 21 00 open 10 00 Thursday close 21 00 open 10 00 Sunday close 18 00 open 12 00 Saturday close 00 00 open 10 00  || state: AZ || longitude:  112 165117 || stars: 4 5 || latitude: 33 6115482 || attributes:  Accepts Credit Cards True Price Range 2 Parking garage False street False validated False lot True valet False  || open: True || 
Blueberry Hill Coffee Shop,city: Edinburgh || review_count: 3 || name: Blueberry Hill Coffee Shop || type: business || full_address: Ashley Terrace Edinburgh EH11 || hours:  Monday close 15 30 open 08 00 Tuesday close 15 30 open 08 00 Friday close 15 30 open 08 00 Wednesday close 15 30 open 08 00 Thursday close 15 30 open 08 00 Saturday close 14 00 open 08 00  || state: EDH || longitude:  3 23000192642 || stars: 4 5 || latitude: 55 9330907069 || attributes:  Take out True Accepts Credit Cards False Price Range 1 Outdoor Seating False Caters True Noise Level average Parking garage False street False lot False valet False Delivery False Attire casual Has TV False Good For dessert False latenight False lunch False dinner False brunch True breakfast False Takes Reservations False Ambience romantic False intimate False classy False upscale False touristy False trendy False casual False Waiter Service True Wi Fi no Good for Kids True Good For Groups False Alcohol none  || open: True || categories:  Food Coffee Tea Cafes Restaurants  || 
Coco Rico,city: Montr al || review_count: 53 || name: Coco Rico || neighborhoods:  Plateau Mont Royal  || type: business || full_address: 3907 Boulevard Saint Laurent Plateau Mont Royal Montr al QC H2W 1X9 || hours:  Monday close 22 00 open 09 00 Tuesday close 22 00 open 09 00 Friday close 11 00 open 09 00 Wednesday close 22 00 open 09 00 Thursday close 22 00 open 09 00 Sunday close 22 00 open 09 00 Saturday close 11 00 open 09 00  || state: QC || longitude:  73 5777825 || stars: 4 0 || latitude: 45 516379 || attributes:  Take out True Accepts Credit Cards True Price Range 1 Outdoor Seating False Caters True Noise Level average Parking garage False street True validated False lot False valet False Delivery False Attire casual Has TV False Good For dessert False latenight False lunch True dinner False brunch False breakfast False Takes Reservations False Ambience romantic False intimate False classy False hipster False divey False touristy False trendy False upscale False casual True Waiter Service False Wi Fi no Good for Kids True Good For Groups False Alcohol none  || open: True || categories:  Portuguese Restaurants  || 
Dunning s Grill,city: Pittsburgh || review_count: 21 || name: Dunning s Grill || type: business || full_address: 1100 S Braddock Ave Pittsburgh PA 15218 || state: PA || longitude:  79 894243 || stars: 3 0 || latitude: 40 432599 || attributes:  Take out True Accepts Credit Cards True Price Range 2 Outdoor Seating False Noise Level average Parking garage False street True validated False lot False valet False Delivery False Attire casual Has TV True Good For dessert False latenight False lunch True dinner True breakfast False brunch False Takes Reservations False Ambience romantic False intimate False touristy False hipster False divey False classy False trendy False upscale False casual True Waiter Service True Wi Fi no Good for Kids True Good For Groups True Alcohol full_bar  || open: False || categories:  American Traditional Restaurants  || 
Club Tequila,city: North Las Vegas || review_count: 5 || name: Club Tequila || type: business || full_address: Fiesta Rancho 2403 N Rancho Dr North Las Vegas NV 89130 || hours:  Friday close 03 00 open 22 00  || state: NV || longitude:  115 1992122 || stars: 3 5 || latitude: 36 2028723 || attributes:  Alcohol full_bar Accepts Credit Cards False Has TV True Good For Groups True Noise Level loud  || open: True || categories:  Bars Nightlife  || 
Pas D cochon Dans Mon Salon,city: Montr al || review_count: 10 || name: Pas D cochon Dans Mon Salon || neighborhoods:  Ville Marie  || type: business || full_address: Ville Marie Montr al QC || state: QC || longitude:  73 5539925 || stars: 4 5 || latitude: 45 5086699 || attributes:  Accepts Credit Cards False Price Range 1 Caters True Parking garage False street False validated False lot False valet False  || open: True || categories:  Food Food Trucks  || 
Twelve Cakes Bakery,city: Phoenix || review_count: 10 || name: Twelve Cakes Bakery || type: business || full_address: 15414 N 7t St Ste 6 Phoenix AZ 85022 || hours:  Tuesday close 18 00 open 10 00 Friday close 18 00 open 10 00 Wednesday close 18 00 open 10 00 Thursday close 18 00 open 10 00 Saturday close 15 00 open 10 00  || state: AZ || longitude:  112 0664021 || stars: 4 5 || latitude: 33 6263605 || attributes:  Delivery True Accepts Credit Cards True Price Range 2 Parking garage False street False validated False lot False valet False  || open: True || categories:  Food Desserts Cupcakes Bakeries  || 
Hair by G E,city: Pittsburgh || review_count: 19 || name: Hair by G E || neighborhoods:  Bloomfield  || type: business || full_address: 288 Morewood Ave Bloomfield Pittsburgh PA 15213 || hours:  Tuesday close 20 00 open 10 00 Friday close 20 00 open 10 00 Wednesday close 20 00 open 10 00 Thursday close 20 00 open 10 00 Sunday close 17 30 open 12 00 Saturday close 18 30 open 10 00  || state: PA || longitude:  79 9446292 || stars: 4 5 || latitude: 40 4543563 || attributes:  By Appointment Only False Accepts Credit Cards True Good for Kids True Price Range 1 Parking garage False street False validated False lot False valet False  || open: True || categories:  Hair Salons Beauty Spas  || 
Smith s Food Drug Centers,city: Las Vegas || review_count: 23 || name: Smith s Food Drug Centers || neighborhoods:  Northwest  || type: business || full_address: 3160 N Rainbow Boulevard Northwest Las Vegas NV 89108 || state: NV || longitude:  115 241215 || stars: 3 0 || latitude: 36 217168 || attributes:  Accepts Credit Cards True Price Range 2 Parking garage False street False validated False lot True valet False  || open: True || categories:  Food Grocery  || 
Copper Door Bar,city: Glendale || review_count: 15 || name: Copper Door Bar || type: business || full_address: 13818 N 51st Avenue Glendale AZ 85306 || state: AZ || longitude:  112 1684709 || stars: 3 0 || latitude: 33 6114712 || attributes:  Alcohol full_bar Noise Level average Music dj False background_music False karaoke True live False video False jukebox True Attire casual Ambience romantic False intimate False touristy False hipster False divey False classy False trendy False upscale False casual False Good for Kids False Price Range 1 Good For Dancing False Delivery False Coat Check False Smoking outdoor Accepts Credit Cards False Take out False Happy Hour True Wheelchair Accessible True Outdoor Seating True Takes Reservations False Waiter Service True Wi Fi no Caters False Good For dessert False latenight False lunch False dinner False breakfast False brunch False Parking garage False street False validated False lot False valet False Has TV True Good For Groups True  || open: True || categories:  Nightlife Restaurants  || 
Complete Eye Care,city: Scottsdale || review_count: 3 || name: Complete Eye Care || type: business || full_address: 34597 N 60th St Ste 104 Scottsdale AZ 85266 || hours:  Tuesday close 18 00 open 10 00 Monday close 16 30 open 08 30 Wednesday close 16 30 open 08 30 Thursday close 15 30 open 07 30  || state: AZ || longitude:  111 9513482 || stars: 5 0 || latitude: 33 7986718 || attributes:  By Appointment Only True Accepts Credit Cards True Parking garage False street False validated False lot False valet False  || open: False || categories:  Shopping Optometrists Health Medical Eyewear Opticians  || 
Magic Mops LLC,city: Mesa || review_count: 14 || name: Magic Mops LLC || type: business || full_address: 324 S Horne Ste 1050 Mesa AZ 85204 || hours:  Monday close 17 00 open 08 00 Tuesday close 17 00 open 08 00 Friday close 17 00 open 08 00 Wednesday close 17 00 open 08 00 Thursday close 17 00 open 08 00 Saturday close 15 00 open 08 00  || state: AZ || longitude:  111 8143858 || stars: 3 0 || latitude: 33 4090666 || attributes:  Accepts Credit Cards True  || open: True || categories:  Home Cleaning Home Services  || 
Pep Boys,city: Peoria || review_count: 18 || name: Pep Boys || type: business || full_address: 7440 W Peoria Ave Peoria AZ 85345 || hours:  Monday close 20 00 open 07 30 Tuesday close 20 00 open 07 30 Friday close 20 00 open 07 30 Wednesday close 20 00 open 07 30 Thursday close 20 00 open 07 30 Sunday close 18 00 open 09 00 Saturday close 20 00 open 07 30  || state: AZ || longitude:  112 2194387 || stars: 3 0 || latitude: 33 581992 || open: True || categories:  Auto Repair Automotive Tires Auto Parts Supplies  || 
Wang King Asian Cafe,city: Charlotte || review_count: 40 || name: Wang King Asian Cafe || neighborhoods:  Steele Creek  || type: business || full_address: 10720 S Tryon St Steele Creek Charlotte NC 28273 || hours:  Monday close 22 00 open 11 30 Tuesday close 22 00 open 11 30 Friday close 22 00 open 11 30 Wednesday close 22 00 open 11 30 Thursday close 22 00 open 11 30 Sunday close 22 00 open 11 30 Saturday close 22 00 open 11 30  || state: NC || longitude:  80 956856 || stars: 3 0 || latitude: 35 119567 || attributes:  Delivery True Take out True Accepts Credit Cards True Price Range 1 Outdoor Seating False Caters True Noise Level average Parking garage False street False validated False lot True valet False Good For Groups True BYOB False Attire casual Has TV True Good For dessert False latenight False lunch True dinner False breakfast False brunch False Takes Reservations False Ambience romantic False intimate False classy False hipster False divey False touristy False trendy False upscale False casual True Waiter Service True Wi Fi no Good for Kids True BYOB Corkage no Alcohol full_bar  || open: True || categories:  Japanese Chinese Restaurants  || 
The Frozen Monkey,city: Goodyear || review_count: 20 || name: The Frozen Monkey || type: business || full_address: 15661 W Roosevelt St Ste 105 Goodyear AZ 85338 || hours:  Monday close 22 00 open 11 00 Tuesday close 22 00 open 11 00 Friday close 22 00 open 11 00 Wednesday close 22 00 open 11 00 Thursday close 22 00 open 11 00 Sunday close 20 30 open 11 00 Saturday close 22 00 open 11 00  || state: AZ || longitude:  112 3956283 || stars: 4 0 || latitude: 33 4569412 || attributes:  Accepts Credit Cards True Price Range 1 Parking garage False street False validated False lot False valet False  || open: True || categories:  Food Desserts Shaved Ice Ice Cream Frozen Yogurt  || 
Palmyra Mediterranean Grill,city: Madison || review_count: 46 || name: Palmyra Mediterranean Grill || neighborhoods:  Capitol  || type: business || full_address: 419 State St Capitol Madison WI 53703 || hours:  Monday close 22 00 open 11 00 Tuesday close 22 00 open 11 00 Friday close 22 00 open 11 00 Wednesday close 22 00 open 11 00 Thursday close 22 00 open 11 00 Sunday close 22 00 open 11 00 Saturday close 22 00 open 11 00  || state: WI || longitude:  89 3925202 || stars: 3 5 || latitude: 43 0748105 || attributes:  Take out True Accepts Credit Cards True Price Range 1 Outdoor Seating True Caters False Noise Level average Parking garage False street False validated False lot False valet False Delivery False Attire casual Has TV False Good For dessert False latenight False lunch True dinner True brunch False breakfast False Takes Reservations False Ambience romantic False intimate False classy False hipster False divey False touristy False trendy False upscale False casual True Waiter Service True Wi Fi no Good for Kids True Good For Groups True Alcohol none  || open: True || categories:  Mediterranean Restaurants  || 
The Clutter House,city: Phoenix || review_count: 9 || name: The Clutter House || type: business || full_address: 14 W Camelback Rd Phoenix AZ 85013 || hours:  Monday close 18 00 open 10 00 Tuesday close 18 00 open 10 00 Friday close 18 00 open 10 00 Wednesday close 18 00 open 10 00 Thursday close 18 00 open 10 00 Sunday close 17 00 open 12 00 Saturday close 18 00 open 10 00  || state: AZ || longitude:  112 074775 || stars: 4 0 || latitude: 33 509647 || attributes:  Accepts Credit Cards True Price Range 2 Parking garage False street False validated False lot True valet False  || open: True || categories:  Shopping Home Decor Home Garden Furniture Stores  || 
Bibi s Bakery,city: Edinburgh || review_count: 19 || name: Bibi s Bakery || neighborhoods:  New Town  || type: business || full_address: 37 Hanover Street New Town Edinburgh EH2 2PJ || hours:  Monday close 18 00 open 10 00 Tuesday close 18 00 open 10 00 Friday close 18 00 open 10 00 Wednesday close 18 00 open 10 00 Thursday close 18 00 open 10 00 Sunday close 18 00 open 12 00 Saturday close 18 00 open 09 00  || state: EDH || longitude:  3 1974946 || stars: 3 5 || latitude: 55 9533646 || attributes:  Delivery False Accepts Credit Cards False Price Range 2 Parking garage False street True validated False lot False valet False  || open: True || categories:  Bakeries Food  || 
Mandarin Express,city: Las Vegas || review_count: 30 || name: Mandarin Express || neighborhoods:  Sunrise  || type: business || full_address: 6895 E Lake Mead Blvd Ste A3 Sunrise Las Vegas NV 89156 || hours:  Monday close 21 30 open 11 00 Tuesday close 21 30 open 11 00 Friday close 22 00 open 11 00 Wednesday close 21 30 open 11 00 Thursday close 21 30 open 11 00 Saturday close 22 00 open 11 00  || state: NV || longitude:  115 025472 || stars: 3 5 || latitude: 36 19418 || attributes:  Take out True Accepts Credit Cards True Price Range 1 Outdoor Seating False Caters True Noise Level average Parking garage False street False validated False lot False valet False Good For Groups True Delivery True Attire casual Has TV False Good For dessert False latenight False lunch False dinner False brunch False breakfast False Takes Reservations False Ambience romantic False intimate False touristy False hipster False divey False classy False trendy False upscale False casual False Waiter Service True Wi Fi no Good for Kids True Alcohol none Wheelchair Accessible True  || open: True || categories:  Chinese Restaurants  || 
Heroes Aren t Hard To Find,city: Charlotte || review_count: 42 || name: Heroes Aren t Hard To Find || neighborhoods:  Elizabeth  || type: business || full_address: 1957 E 7th St Elizabeth Charlotte NC 28204 || hours:  Monday close 21 00 open 10 00 Tuesday close 21 00 open 10 00 Friday close 21 00 open 10 00 Wednesday close 21 00 open 10 00 Thursday close 21 00 open 10 00 Sunday close 18 00 open 13 00 Saturday close 21 00 open 10 00  || state: NC || longitude:  80 8179185 || stars: 4 5 || latitude: 35 2126142 || attributes:  Price Range 2 Accepts Credit Cards True Wheelchair Accessible True Parking garage False street False validated False lot True valet False  || open: True || categories:  Comic Books Shopping Books Mags Music Video  || 
Alphagraphics,city: Gilbert || review_count: 7 || name: Alphagraphics || type: business || full_address: 2586 S Val Vista Dr 104 Gilbert AZ 85295 || hours:  Tuesday close 17 00 open 08 00 Friday close 17 00 open 08 00 Monday close 17 00 open 08 00 Wednesday close 17 00 open 08 00 Thursday close 17 00 open 08 00  || state: AZ || longitude:  111 7560605 || stars: 3 5 || latitude: 33 3033161 || attributes:  Accepts Credit Cards True  || open: True || categories:  Local Services Marketing Printing Services Professional Services  || 
Purrfect Pawsitting,city: Phoenix || review_count: 4 || name: Purrfect Pawsitting || type: business || full_address: Central and Camelback Phoenix AZ 85012 || state: AZ || longitude:  112 069119 || stars: 3 5 || latitude: 33 511391 || open: True || categories:  Pet Services Dog Walkers Pets  || 
Champagne Strands,city: Charlotte || review_count: 4 || name: Champagne Strands || neighborhoods:  South End Dilworth  || type: business || full_address: 2000 S Blvd Ste 114 South End Charlotte NC 28203 || hours:  Monday close 19 00 open 07 00 Tuesday close 19 00 open 07 00 Friday close 17 00 open 07 00 Wednesday close 19 00 open 07 00 Thursday close 17 00 open 07 00 Saturday close 15 00 open 09 00  || state: NC || longitude:  80 8604210615 || stars: 5 0 || latitude: 35 2091945899 || attributes:  Hair Types Specialized In coloring True africanamerican False curly False perms False kids False extensions True asian False straightperms False Wheelchair Accessible True Parking garage False street False validated False lot True valet False By Appointment Only True Accepts Credit Cards True Good for Kids True Price Range 2  || open: True || categories:  Hair Salons Hair Extensions Hair Stylists Makeup Artists Beauty Spas  || 
Michael L Flores DMD,city: Las Vegas || review_count: 9 || name: Michael L Flores DMD || type: business || full_address: Flores Family Dental 6536 N Decatur Blvd Ste 120 Las Vegas NV 89131 || hours:  Tuesday close 17 30 open 08 00 Monday close 17 30 open 08 00 Wednesday close 17 30 open 08 00 Thursday close 17 30 open 08 00  || state: NV || longitude:  115 206631 || stars: 4 5 || latitude: 36 277995 || attributes:  By Appointment Only False  || open: True || categories:  Health Medical Dentists General Dentistry Cosmetic Dentists  || 
Kneaders Bakery Cafe,city: Avondale || review_count: 57 || name: Kneaders Bakery Cafe || type: business || full_address: 10112 W McDowell Rd Avondale AZ 85392 || hours:  Monday close 22 00 open 07 00 Tuesday close 22 00 open 07 00 Friday close 22 00 open 07 00 Wednesday close 22 00 open 07 00 Thursday close 22 00 open 07 00 Saturday close 22 00 open 07 00  || state: AZ || longitude:  112 277327762 || stars: 3 0 || latitude: 33 4654767429 || attributes:  Take out True Accepts Credit Cards True Price Range 2 Outdoor Seating True Caters True Noise Level average Parking garage False street False validated False lot True valet False Delivery False Attire casual Has TV False Good For dessert False latenight False lunch False dinner False brunch True breakfast True Takes Reservations False Ambience romantic False intimate False classy False hipster False divey False touristy False trendy True upscale False casual False Waiter Service False Wi Fi no Good for Kids True Good For Groups True Alcohol none  || open: True || categories:  Bakeries Food Cafes Restaurants  || 
7th Street Hotspot Caf and Market,city: Phoenix || review_count: 5 || name: 7th Street Hotspot Caf and Market || type: business || full_address: 16220 N 7th St Phoenix AZ 85022 || state: AZ || longitude:  112 066376 || stars: 4 5 || latitude: 33 633231 || attributes:  Accepts Credit Cards True Price Range 1 Outdoor Seating True Wi Fi free Parking garage False street False validated False lot False valet False  || open: True || categories:  Food Coffee Tea Grocery  || 
Jiffy Lube,city: Chandler || review_count: 11 || name: Jiffy Lube || type: business || full_address: 245 W Ocotillo Rd Chandler AZ 85248 || state: AZ || longitude:  111 844903 || stars: 2 5 || latitude: 33 247065 || open: True || categories:  Oil Change Stations Automotive  || 
My Bella Nail Spa,city: Charlotte || review_count: 6 || name: My Bella Nail Spa || neighborhoods:  Highland Creek  || type: business || full_address: 11001 11091 David Taylor Dr Highland Creek Charlotte NC 28262 || state: NC || longitude:  80 7650909424 || stars: 2 5 || latitude: 35 3398246765 || attributes:  By Appointment Only False Accepts Credit Cards True Price Range 2 Parking garage False street False validated False lot False valet False  || open: True || categories:  Beauty Spas Nail Salons  || 
Psychic Eye Book Shops,city: Las Vegas || review_count: 8 || name: Psychic Eye Book Shops || neighborhoods:  Southeast  || type: business || full_address: 9550 S Eastern Ave Ste 130 Southeast Las Vegas NV 89123 || state: NV || longitude:  115 1185146 || stars: 4 0 || latitude: 36 0153561 || attributes:  Accepts Credit Cards True Price Range 2 Parking garage False street False validated False lot False valet False  || open: True || categories:  Books Mags Music Video Shopping  || 
Medina,city: Edinburgh || review_count: 13 || name: Medina || neighborhoods:  Newington Old Town  || type: business || full_address: 45 47 Lothian Street Newington Edinburgh EH1 1HB || hours:  Friday close 03 00 open 23 00 Saturday close 03 00 open 23 00  || state: EDH || longitude:  3 18911607696 || stars: 3 5 || latitude: 55 9461951678 || attributes:  Alcohol full_bar Music dj True live False video False jukebox False Outdoor Seating False Coat Check True Smoking outdoor Accepts Credit Cards True Good For Groups True Price Range 1  || open: True || categories:  Music Venues Bars Arts Entertainment Nightlife Dance Clubs  || 
Cody Clark State Farm Insurance Agent,city: Las Vegas || review_count: 5 || name: Cody Clark State Farm Insurance Agent || neighborhoods:  Southwest  || type: business || full_address: 10550 Southern Highlands Pkwy Ste 140 Southwest Las Vegas NV 89141 || hours:  Monday close 18 00 open 08 00 Tuesday close 18 00 open 08 00 Friday close 18 00 open 08 00 Wednesday close 18 00 open 08 00 Thursday close 18 00 open 08 00 Saturday close 14 00 open 09 00  || state: NV || longitude:  115 2057088 || stars: 2 0 || latitude: 35 9975534 || open: True || categories:  Financial Services Insurance  || 
Sonic Drive In,city: Phoenix || review_count: 7 || name: Sonic Drive In || type: business || full_address: 17238 N 19th Ave Phoenix AZ 85023 || state: AZ || longitude:  112 1003364 || stars: 3 0 || latitude: 33 6426268 || attributes:  Take out True Drive Thru True Outdoor Seating True Takes Reservations False Delivery False Has TV False Good For dessert False latenight False lunch True dinner False brunch False breakfast False Parking garage False street False validated False lot False valet False Attire casual Waiter Service True Accepts Credit Cards True Good for Kids True Good For Groups False Price Range 1  || open: True || categories:  American Traditional Fast Food Restaurants  || 
You Can t Beat This Party Rentals Event Decor,city: Avondale || review_count: 3 || name: You Can t Beat This Party Rentals Event Decor || type: business || full_address: 1457 N Eliseo C Felix Jr Way Ste 102 Avondale AZ 85323 || hours:  Monday close 17 00 open 09 00 Tuesday close 18 30 open 10 00 Friday close 17 00 open 09 00 Wednesday close 18 30 open 10 00 Thursday close 18 30 open 10 00 Saturday close 18 00 open 10 00  || state: AZ || longitude:  112 3362844 || stars: 5 0 || latitude: 33 4505475 || open: True || categories:  Party Supplies Party Equipment Rentals Event Planning Services Party Event Planning  || 
Q Fashion,city: Chandler || review_count: 5 || name: Q Fashion || type: business || full_address: 3159 W Chandler Blvd Chandler AZ 85226 || state: AZ || longitude:  111 898952 || stars: 1 5 || latitude: 33 302082 || attributes:  Accepts Credit Cards True Price Range 1 Parking garage False street False validated False lot False valet False  || open: True || categories:  Fashion Shopping  || 
Durango Animal Hospital,city: Las Vegas || review_count: 92 || name: Durango Animal Hospital || neighborhoods:  Spring Valley  || type: business || full_address: 3615 S Durango Dr Spring Valley Las Vegas NV 89147 || hours:  Monday close 20 00 open 06 00 Tuesday close 20 00 open 06 00 Friday close 20 00 open 06 00 Wednesday close 20 00 open 06 00 Thursday close 20 00 open 06 00 Sunday close 17 00 open 08 00 Saturday close 17 00 open 07 00  || state: NV || longitude:  115 2795695 || stars: 4 0 || latitude: 36 1241726 || open: True || categories:  Veterinarians Pets  || 
Subway,city: Henderson || review_count: 10 || name: Subway || type: business || full_address: 2620 N Green Valley Parkway Henderson NV 89014 || state: NV || longitude:  115 0819538 || stars: 3 5 || latitude: 36 0694212 || attributes:  Take out True Accepts Credit Cards True Drive Thru False Outdoor Seating False Caters True Noise Level loud Parking garage False street False validated False lot False valet False Delivery False Attire casual Has TV False Price Range 1 Good For dessert False latenight False lunch False dinner False brunch True breakfast False Takes Reservations False Ambience romantic False intimate False classy False hipster False divey False touristy False trendy False upscale False casual True Waiter Service False Wi Fi no Good for Kids True Good For Groups True Alcohol none  || open: True || categories:  Fast Food Sandwiches Restaurants  || 
Sal s Tuscan Grill,city: Goodyear || review_count: 109 || name: Sal s Tuscan Grill || type: business || full_address: 13291 W McDowell Rd Ste E7 Goodyear AZ 85395 || hours:  Monday close 22 00 open 11 00 Tuesday close 22 00 open 11 00 Friday close 22 00 open 11 00 Wednesday close 22 00 open 11 00 Thursday close 22 00 open 11 00 Sunday close 22 00 open 11 00 Saturday close 22 00 open 11 00  || state: AZ || longitude:  112 3450298 || stars: 4 0 || latitude: 33 4631139 || attributes:  Take out True Accepts Credit Cards True Price Range 2 Outdoor Seating True Caters True Noise Level quiet Parking garage False street False validated False lot True valet False Good For Groups True Delivery True Attire casual Has TV True Good For dessert False latenight False lunch False dinner True brunch False breakfast False Takes Reservations False Ambience romantic False intimate False touristy False hipster False divey False classy False trendy False upscale False casual True Waiter Service True Wi Fi free Good for Kids True Alcohol beer_and_wine Wheelchair Accessible True  || open: True || categories:  Restaurants Italian  || 
Flying J Travel Plaza,city: Phoenix || review_count: 5 || name: Flying J Travel Plaza || type: business || full_address: 6700 W Latham St Phoenix AZ 85043 || state: AZ || longitude:  112 2052594 || stars: 3 0 || latitude: 33 4609868 || open: True || categories:  Hotels Travel Travel Services  || 
Kurt Geiger,city: Edinburgh || review_count: 6 || name: Kurt Geiger || neighborhoods:  Old Town  || type: business || full_address: St Andrews Square New Town Old Town Edinburgh EH1 3DQ || state: EDH || longitude:  3 18314 || stars: 4 5 || latitude: 55 95374 || attributes:  Accepts Credit Cards True Price Range 3  || open: True || categories:  Fashion Shopping Shoe Stores Accessories  || 
