The Beer Research Institute,city: Mesa || review_count: 167 || name: The Beer Research Institute || type: business || full_address: 1641 S Stapley Dr Ste 104 Mesa AZ 85204 || hours:  Monday close 22 00 open 11 00 Tuesday close 22 00 open 11 00 Friday close 00 00 open 11 00 Wednesday close 22 00 open 11 00 Thursday close 00 00 open 11 00 Sunday close 22 00 open 11 00 Saturday close 00 00 open 11 00  || state: AZ || longitude:  111 8027455 || stars: 4 0 || latitude: 33 3846485 || attributes:  Take out True Accepts Credit Cards True Price Range 2 Outdoor Seating True Caters False Noise Level average Parking garage False street False validated False lot True valet False Good For Groups True Delivery False Attire casual Has TV False Good For dessert False latenight False lunch True dinner False brunch False breakfast False Takes Reservations True Ambience romantic False intimate False classy False hipster False divey False touristy False trendy False upscale False casual True Waiter Service True Wi Fi no Good for Kids False Alcohol full_bar Wheelchair Accessible True  || open: True || categories:  Food American Traditional Breweries Restaurants  || 
The Plaza Tavern,city: Madison || review_count: 56 || name: The Plaza Tavern || neighborhoods:  Capitol  || type: business || full_address: 319 N Henry St Capitol Madison WI 53703 || hours:  Monday close 02 00 open 11 00 Tuesday close 02 00 open 11 00 Friday close 02 30 open 11 00 Wednesday close 02 00 open 11 00 Thursday close 02 00 open 11 00 Saturday close 02 30 open 11 00  || state: WI || longitude:  89 3903661594 || stars: 4 0 || latitude: 43 0753053256 || attributes:  Drive Thru False Alcohol full_bar Noise Level loud Music dj False live False video False jukebox True Attire casual Ambience romantic False intimate False touristy False hipster False divey True classy False trendy False upscale False casual False Good for Kids False Price Range 1 Delivery False Good For Dancing False BYOB False Coat Check False Smoking no Accepts Credit Cards False BYOB Corkage yes_free Take out False Corkage False Happy Hour True Wheelchair Accessible True Outdoor Seating False Takes Reservations False Waiter Service True Wi Fi no Caters False Good For dessert False latenight True lunch False dinner False breakfast False brunch False Parking garage False street True validated False lot False valet False Has TV True Good For Groups True  || open: True || categories:  Pubs Burgers Bars Nightlife Restaurants  || 
Oriental Buffet Grill Sushi,city: Peoria || review_count: 19 || name: Oriental Buffet Grill Sushi || type: business || full_address: 10146 W Lake Pleasant Pkwy Ste 1030 Peoria AZ 85382 || hours:  Monday close 21 00 open 11 00 Tuesday close 21 00 open 11 00 Friday close 21 30 open 11 00 Wednesday close 21 00 open 11 00 Thursday close 21 00 open 11 00 Sunday close 21 00 open 11 00 Saturday close 21 30 open 11 00  || state: AZ || longitude:  112 2760197 || stars: 3 5 || latitude: 33 6761682 || attributes:  Take out True Accepts Credit Cards True Price Range 1 Outdoor Seating False Noise Level quiet Parking garage False street False validated False lot True valet False Delivery False Attire casual Has TV False Good For dessert False latenight False lunch True dinner True breakfast False brunch False Takes Reservations False Ambience romantic False intimate False touristy False hipster False divey False classy False trendy False upscale False casual True Waiter Service True Wi Fi free Good for Kids True Good For Groups True Alcohol beer_and_wine  || open: False || categories:  Buffets Chinese Restaurants  || 
LV Day Spa,city: Laveen || review_count: 23 || name: LV Day Spa || type: business || full_address: 3556 W Baseline Rd Ste 150 Laveen AZ 85339 || hours:  Monday close 20 00 open 10 00 Tuesday close 20 00 open 10 00 Friday close 20 00 open 10 00 Wednesday close 20 00 open 10 00 Thursday close 20 00 open 10 00 Sunday close 18 00 open 11 00 Saturday close 20 00 open 10 00  || state: AZ || longitude:  112 1353541 || stars: 4 0 || latitude: 33 3777479 || attributes:  By Appointment Only False Accepts Credit Cards True Price Range 2 Accepts Insurance False Parking garage False street False validated False lot True valet False  || open: True || categories:  Day Spas Nail Salons Beauty Spas  || 
Souper Salad,city: Las Vegas || review_count: 10 || name: Souper Salad || neighborhoods:  Eastside  || type: business || full_address: 4020 S Maryland Pkwy Eastside Las Vegas NV 89119 || state: NV || longitude:  115 1358846 || stars: 3 0 || latitude: 36 116392 || attributes:  Take out True Accepts Credit Cards True Price Range 1 Outdoor Seating False Takes Reservations False Good For Groups True Delivery False Good For dessert False latenight False lunch True dinner True breakfast False brunch False Parking garage False street False validated False lot True valet False Attire casual Waiter Service False Wi Fi no Good for Kids True Alcohol none Wheelchair Accessible True  || open: False || categories:  Soup Restaurants  || 
Big O Tires and Service Centers,city: Phoenix || review_count: 20 || name: Big O Tires and Service Centers || type: business || full_address: 15625 S Desert Foothills Pkw Phoenix AZ 85048 || hours:  Monday close 18 00 open 07 00 Tuesday close 18 00 open 07 00 Friday close 18 00 open 07 00 Wednesday close 18 00 open 07 00 Thursday close 18 00 open 07 00 Sunday close 16 00 open 08 00 Saturday close 17 00 open 07 00  || state: AZ || longitude:  112 0557108 || stars: 2 5 || latitude: 33 3049471 || open: True || categories:  Tires Automotive Auto Repair  || 
Gleiberman s Kosher Mart Restaurant,city: Charlotte || review_count: 4 || name: Gleiberman s Kosher Mart Restaurant || neighborhoods:  Arboretum  || type: business || full_address: 5668 D International Dr Arboretum Charlotte NC 28270 || hours:  Monday close 19 30 open 10 00 Tuesday close 19 30 open 10 00 Friday close 17 00 open 10 00 Wednesday close 19 30 open 10 00 Thursday close 19 30 open 10 00 Sunday close 19 30 open 10 00  || state: NC || longitude:  80 778632 || stars: 2 5 || latitude: 35 135164 || attributes:  Take out True Accepts Credit Cards True Outdoor Seating False Noise Level very_loud Attire casual Has TV False Good For dessert False latenight False lunch False dinner False brunch False breakfast False Takes Reservations False Waiter Service False Wi Fi free Good for Kids True Good For Groups True Price Range 4  || open: True || categories:  Kosher Food Delis Grocery Restaurants  || 
The Lakes Restaurant At Westbrook,city: Peoria || review_count: 3 || name: The Lakes Restaurant At Westbrook || type: business || full_address: 19260 N Westbrook Parkway Peoria AZ 85382 || state: AZ || longitude:  112 2659175 || stars: 2 0 || latitude: 33 6592685 || open: True || categories:  Restaurants  || 
Central Cafe,city: Phoenix || review_count: 7 || name: Central Cafe || type: business || full_address: 2600 N Central Ave Phoenix AZ 85004 || hours:  Tuesday close 15 00 open 07 00 Friday close 15 00 open 07 00 Monday close 15 00 open 07 00 Wednesday close 15 00 open 07 00 Thursday close 15 00 open 07 00  || state: AZ || longitude:  112 0744197 || stars: 4 5 || latitude: 33 4771144 || attributes:  Take out True Accepts Credit Cards True Price Range 1 Outdoor Seating False Caters False Noise Level average Parking garage False street False validated False lot False valet False Good For Groups True Delivery True Attire casual Has TV True Good For dessert False latenight False lunch False dinner False breakfast False brunch False Takes Reservations False Ambience romantic False intimate False touristy False hipster False divey False classy False trendy False upscale False casual False Waiter Service False Wi Fi no Good for Kids True Alcohol none Wheelchair Accessible True  || open: True || categories:  Cafes Restaurants  || 
Sprint Store,city: Mesa || review_count: 10 || name: Sprint Store || type: business || full_address: 1425 South Alma School Rd Mesa AZ 85210 || hours:  Monday close 19 00 open 11 00 Tuesday close 20 00 open 09 00 Friday close 20 00 open 09 00 Wednesday close 20 00 open 09 00 Thursday close 20 00 open 09 00 Sunday close 21 00 open 09 00 Saturday close 21 00 open 09 00  || state: AZ || longitude:  111 8570707 || stars: 3 0 || latitude: 33 38721 || attributes:  Accepts Credit Cards True Price Range 2 Parking garage False street False validated False lot True valet False  || open: True || categories:  Shopping Mobile Phones  || 
Victoria s Secret,city: Charlotte || review_count: 3 || name: Victoria s Secret || type: business || full_address: 6801 Northlake Mall Dr Charlotte NC 28216 || state: NC || longitude:  80 8550431 || stars: 4 5 || latitude: 35 3530844 || attributes:  Accepts Credit Cards True Price Range 3 Parking garage False street False validated False lot True valet False  || open: True || categories:  Lingerie Shopping Fashion  || 
Hecho en Vegas,city: Las Vegas || review_count: 146 || name: Hecho en Vegas || neighborhoods:  Eastside The Strip  || type: business || full_address: MGM Grand 3799 S Las Vegas Blvd Eastside Las Vegas NV 89109 || hours:  Tuesday close 21 30 open 16 30 Friday close 22 00 open 16 30 Wednesday close 21 30 open 16 30 Thursday close 21 30 open 16 30 Saturday close 22 00 open 16 30  || state: NV || longitude:  115 1697555 || stars: 3 5 || latitude: 36 1029162 || attributes:  Take out True Accepts Credit Cards True Price Range 2 Outdoor Seating False Caters False Noise Level average Parking garage True street False validated False lot False valet False Delivery False Attire casual Has TV True Good For dessert False latenight False lunch False dinner True brunch False breakfast False Takes Reservations True Ambience romantic False intimate False classy False hipster False divey False touristy False trendy False upscale False casual True Waiter Service True Wi Fi no Good for Kids True Good For Groups True Alcohol full_bar  || open: True || categories:  Mexican Restaurants  || 
Chandler Public Library Sunset Branch,city: Chandler || review_count: 17 || name: Chandler Public Library Sunset Branch || type: business || full_address: 4930 W Ray Rd Chandler AZ 85226 || state: AZ || longitude:  111 925121 || stars: 4 5 || latitude: 33 321412 || attributes:  Wi Fi free  || open: True || categories:  Libraries Public Services Government  || 
King s Dry Cleaners Shoe Repair,city: Charlotte || review_count: 4 || name: King s Dry Cleaners Shoe Repair || neighborhoods:  Myers Park  || type: business || full_address: 417 S Cecil St Myers Park Charlotte NC 28204 || state: NC || longitude:  80 8344004 || stars: 5 0 || latitude: 35 211347 || open: True || categories:  Local Services Dry Cleaning Laundry  || 
Party Cake Shop,city: Pittsburgh || review_count: 20 || name: Party Cake Shop || neighborhoods:  Brookline  || type: business || full_address: 706 Brookline Blvd Brookline Pittsburgh PA 15226 || hours:  Tuesday close 18 00 open 06 00 Friday close 18 00 open 06 00 Wednesday close 18 00 open 06 00 Thursday close 18 00 open 06 00 Sunday close 13 00 open 06 00 Saturday close 17 00 open 06 00  || state: PA || longitude:  80 021538 || stars: 4 0 || latitude: 40 394482 || attributes:  Delivery False Accepts Credit Cards True Price Range 2 Parking garage False street True validated False lot False valet False  || open: True || categories:  Bakeries Food  || 
First Impression Security Doors,city: Peoria || review_count: 7 || name: First Impression Security Doors || type: business || full_address: 9299 W Olive Ave Ste 801 Bldg 8 Peoria AZ 85345 || hours:  Monday close 17 00 open 09 00 Tuesday close 17 00 open 09 00 Friday close 17 00 open 09 00 Wednesday close 17 00 open 09 00 Thursday close 17 00 open 09 00 Sunday close 15 00 open 11 00 Saturday close 14 00 open 09 00  || state: AZ || longitude:  112 258459 || stars: 3 5 || latitude: 33 563299 || attributes:  Accepts Credit Cards True  || open: True || categories:  Fences Gates Home Services Door Sales Installation  || 
Network Alignment Brakes,city: Phoenix || review_count: 38 || name: Network Alignment Brakes || type: business || full_address: 12639 N Cave Creek Rd Phoenix AZ 85022 || hours:  Monday close 18 00 open 07 30 Tuesday close 18 00 open 07 30 Friday close 18 00 open 07 30 Wednesday close 18 00 open 07 30 Thursday close 18 00 open 07 30 Sunday close 16 00 open 09 00 Saturday close 17 00 open 07 30  || state: AZ || longitude:  112 0365319 || stars: 4 5 || latitude: 33 6019643 || open: True || categories:  Auto Repair Automotive  || 
Cottage Chic,city: Charlotte || review_count: 9 || name: Cottage Chic || neighborhoods:  Dilworth  || type: business || full_address: 1232 East Blvd Dilworth Charlotte NC 28203 || hours:  Monday close 17 30 open 09 30 Tuesday close 17 30 open 09 30 Friday close 17 30 open 09 30 Wednesday close 17 30 open 09 30 Thursday close 19 00 open 09 30 Saturday close 17 30 open 09 30  || state: NC || longitude:  80 845944 || stars: 2 5 || latitude: 35 202537 || attributes:  Dogs Allowed True Accepts Credit Cards True Wheelchair Accessible True Price Range 3 Parking garage False street False validated False lot True valet False  || open: True || categories:  Fashion Shopping Home Decor Interior Design Home Garden Women s Clothing Home Services  || 
Goelet A C Beuf Community Center,city: Phoenix || review_count: 5 || name: Goelet A C Beuf Community Center || type: business || full_address: 3435 W Pinnacle Peak Phoenix AZ 85027 || hours:  Monday close 20 30 open 08 00 Tuesday close 20 30 open 08 00 Friday close 17 00 open 08 00 Wednesday close 20 30 open 08 00 Thursday close 20 30 open 08 00 Saturday close 16 00 open 10 00  || state: AZ || longitude:  112 1319815 || stars: 4 5 || latitude: 33 6971736 || attributes:  Good for Kids True  || open: True || categories:  Active Life Local Services Community Service Non Profit Gyms Fitness Instruction  || 
Albhof,city: Karlsruhe || review_count: 9 || name: Albhof || type: business || full_address: Rastatter Str 64 76199 Karlsruhe || hours:  Tuesday close 23 00 open 17 00 Friday close 23 00 open 17 00 Wednesday close 23 00 open 17 00 Thursday close 23 00 open 17 00 Saturday close 23 00 open 17 00  || state: BW || longitude: 8 40381 || stars: 3 5 || latitude: 48 9713 || attributes:  Price Range 3 Accepts Credit Cards True Wheelchair Accessible True Wi Fi no Parking garage False validated False street False lot False valet False  || open: True || categories:  German Hotels Travel Restaurants Event Planning Services Hotels  || 
Savers,city: Scottsdale || review_count: 30 || name: Savers || type: business || full_address: 15020 North Northsight Blvd Scottsdale AZ 85260 || hours:  Monday close 21 00 open 09 00 Tuesday close 21 00 open 09 00 Friday close 21 00 open 09 00 Wednesday close 21 00 open 09 00 Thursday close 21 00 open 09 00 Sunday close 19 00 open 10 00 Saturday close 21 00 open 09 00  || state: AZ || longitude:  111 897783 || stars: 4 0 || latitude: 33 6233294 || attributes:  Accepts Credit Cards True Price Range 1 Parking garage False street False validated False lot True valet False  || open: True || categories:  Thrift Stores Shopping  || 
KFC,city: Sun Prairie || review_count: 5 || name: KFC || type: business || full_address: 1070 Emerald Terrace Sun Prairie WI 53590 || hours:  Monday close 22 00 open 10 30 Tuesday close 22 00 open 10 30 Friday close 22 00 open 10 30 Wednesday close 22 00 open 10 30 Thursday close 22 00 open 10 30 Sunday close 22 00 open 10 30 Saturday close 22 00 open 10 30  || state: WI || longitude:  89 2315 || stars: 1 0 || latitude: 43 1866 || attributes:  Accepts Credit Cards True Wi Fi free Caters True  || open: True || categories:  Fast Food Chicken Wings Restaurants  || 
FlashPants 80 s Party Band,city: Las Vegas || review_count: 8 || name: FlashPants 80 s Party Band || type: business || full_address: Las Vegas NV || hours:  Monday close 09 00 open 09 00 Tuesday close 09 00 open 09 00 Friday close 09 00 open 09 00 Wednesday close 09 00 open 09 00 Thursday close 09 00 open 09 00 Sunday close 09 00 open 09 00 Saturday close 09 00 open 09 00  || state: NV || longitude:  115 136389 || stars: 5 0 || latitude: 36 175 || attributes:  Good for Kids False  || open: True || categories:  DJs Musicians Event Planning Services  || 
AiRite Heating Cooling,city: Peoria || review_count: 8 || name: AiRite Heating Cooling || type: business || full_address: 8716 W Ludlow Dr Ste 10 Peoria AZ 85381 || hours:  Monday close 00 00 open 00 00 Tuesday close 00 00 open 00 00 Friday close 00 00 open 00 00 Wednesday close 00 00 open 00 00 Thursday close 00 00 open 00 00 Sunday close 00 00 open 00 00 Saturday close 00 00 open 00 00  || state: AZ || longitude:  112 2469384 || stars: 3 0 || latitude: 33 6125062 || attributes:  Accepts Credit Cards True  || open: True || categories:  Home Services Heating Air Conditioning HVAC  || 
Moe s Tavern Grill,city: Madison || review_count: 11 || name: Moe s Tavern Grill || neighborhoods:  Capitol  || type: business || full_address: 118 State St Capitol Madison WI 53703 || hours:  Monday close 22 00 open 11 00 Tuesday close 22 00 open 11 00 Friday close 01 30 open 11 00 Wednesday close 22 00 open 11 00 Thursday close 01 30 open 11 00 Saturday close 01 30 open 09 00  || state: WI || longitude:  89 3865796 || stars: 2 5 || latitude: 43 0747406 || attributes:  Take out True Accepts Credit Cards True Price Range 2 Outdoor Seating True Caters False Noise Level loud Parking garage True street True validated False lot False valet False Good For Groups True Delivery False Dogs Allowed False Attire casual Has TV True Good For dessert False latenight False lunch True dinner True breakfast False brunch False Takes Reservations True Ambience romantic False intimate False touristy False hipster False divey False classy False trendy False upscale False casual True Waiter Service True Wi Fi free Good for Kids False Alcohol full_bar Wheelchair Accessible True  || open: False || categories:  Burgers American Traditional Restaurants  || 
Danny s Total Car Care,city: Chandler || review_count: 8 || name: Danny s Total Car Care || type: business || full_address: 95 N Dobson Rd Bld C Chandler AZ 85224 || hours:  Monday close 17 00 open 08 00 Tuesday close 17 00 open 08 00 Friday close 17 00 open 08 00 Wednesday close 17 00 open 08 00 Thursday close 17 00 open 08 00 Saturday close 12 00 open 08 00  || state: AZ || longitude:  111 8760078 || stars: 3 5 || latitude: 33 3044148 || open: True || categories:  Auto Repair Automotive  || 
Brooklynn Stone,city: Las Vegas || review_count: 3 || name: Brooklynn Stone || type: business || full_address: Las Vegas NV || hours:  Monday close 19 00 open 07 00 Tuesday close 19 00 open 07 00 Friday close 19 00 open 07 00 Wednesday close 19 00 open 07 00 Thursday close 19 00 open 07 00 Sunday close 19 00 open 07 00 Saturday close 19 00 open 07 00  || state: NV || longitude:  115 136389 || stars: 3 5 || latitude: 36 175 || attributes:  Accepts Credit Cards True Price Range 3  || open: True || categories:  Home Services Contractors  || 
Arby s,city: Urbana || review_count: 4 || name: Arby s || type: business || full_address: 509 N Cunningham Ave Urbana IL 61802 || state: IL || longitude:  88 20475 || stars: 3 5 || latitude: 40 117801 || attributes:  Take out True Drive Thru True Takes Reservations False Delivery False Outdoor Seating False Attire casual Accepts Credit Cards True Good for Kids True Good For Groups True Price Range 1  || open: True || categories:  Fast Food Restaurants  || 
Diamond Resorts International,city: Las Vegas || review_count: 16 || name: Diamond Resorts International || type: business || full_address: 10600 W Charleston Blvd Las Vegas NV 89135 || state: NV || longitude:  115 208656981 || stars: 1 5 || latitude: 36 0872171972 || open: True || categories:  Hotels Travel Vacation Rental Agents  || 
ZiNG,city: Glendale || review_count: 19 || name: ZiNG || type: business || full_address: 5819 W Glendale Ave Glendale AZ 85301 || hours:  Monday close 21 00 open 07 00 Tuesday close 21 00 open 07 00 Friday close 02 00 open 07 00 Wednesday close 21 00 open 07 00 Thursday close 21 00 open 07 00 Sunday close 14 30 open 07 00 Saturday close 02 00 open 07 00  || state: AZ || longitude:  112 1845829 || stars: 4 5 || latitude: 33 5384614 || attributes:  Take out True Price Range 2 Outdoor Seating True Noise Level average Attire casual Good For Groups True Delivery False Has TV True Good For dessert False latenight False lunch True dinner False breakfast True brunch False Parking garage False street True validated False lot False valet False Ambience romantic False intimate False touristy False hipster False divey False classy False trendy False upscale False casual False Waiter Service True Accepts Credit Cards True Good for Kids True Alcohol full_bar Wheelchair Accessible True  || open: False || categories:  American Traditional Restaurants  || 
SuperFarm SuperTruck,city: Mesa || review_count: 11 || name: SuperFarm SuperTruck || type: business || full_address: Mesa AZ || state: AZ || longitude:  111 653307009 || stars: 2 5 || latitude: 33 350782315 || attributes:  Accepts Credit Cards True Price Range 1  || open: True || categories:  Food Street Vendors  || 
Maricopa Ace Hardware Pool Supply,city: Maricopa || review_count: 13 || name: Maricopa Ace Hardware Pool Supply || type: business || full_address: 21542 N John Wayne Pkwy Maricopa AZ 85139 || hours:  Monday close 19 00 open 07 00 Tuesday close 19 00 open 07 00 Friday close 19 00 open 07 00 Wednesday close 19 00 open 07 00 Thursday close 19 00 open 07 00 Sunday close 18 00 open 08 00 Saturday close 19 00 open 07 00  || state: AZ || longitude:  112 0450429 || stars: 3 5 || latitude: 33 0749576 || attributes:  Accepts Credit Cards True Price Range 2 Parking garage False street False validated False lot True valet False  || open: True || categories:  Hardware Stores Shopping Home Garden  || 
Maestro s Pizzeria,city: Las Vegas || review_count: 49 || name: Maestro s Pizzeria || neighborhoods:  Eastside  || type: business || full_address: 3230 E Flamingo Rd Eastside Las Vegas NV 89121 || state: NV || longitude:  115 104711368 || stars: 3 5 || latitude: 36 1158035398 || attributes:  Take out True Accepts Credit Cards True Price Range 1 Outdoor Seating False Caters True Noise Level quiet Parking garage False street False validated False lot True valet False Delivery True Attire casual Has TV True Good For dessert False latenight False lunch True dinner False brunch False breakfast False Takes Reservations False Ambience romantic False intimate False classy False hipster False divey False touristy False trendy False upscale False casual True Waiter Service True Wi Fi no Good for Kids True Good For Groups True Alcohol none  || open: True || categories:  Pizza Restaurants  || 
The Added Touch Massage,city: Tempe || review_count: 9 || name: The Added Touch Massage || type: business || full_address: 2055 E Southern Ave Ste F Tempe AZ 85282 || state: AZ || longitude:  111 897911 || stars: 1 5 || latitude: 33 392518 || attributes:  By Appointment Only True Accepts Credit Cards True Price Range 2 Parking garage False street False validated False lot True valet False  || open: True || categories:  Massage Therapy Day Spas Health Medical Beauty Spas  || 
Office 5 Bar Grill,city: Las Vegas || review_count: 3 || name: Office 5 Bar Grill || neighborhoods:  Southeast  || type: business || full_address: 3375 E Russell Rd Southeast Las Vegas NV 89120 || state: NV || longitude:  115 1015086 || stars: 3 0 || latitude: 36 0855832 || attributes:  Alcohol full_bar Parking garage False street False validated False lot False valet False Happy Hour True Music dj False live False video False jukebox True Outdoor Seating False Coat Check False Smoking yes Accepts Credit Cards True Wheelchair Accessible True Good For Groups False Price Range 2  || open: False || categories:  Bars American Traditional Nightlife Restaurants  || 
The Village at West Point,city: Surprise || review_count: 4 || name: The Village at West Point || type: business || full_address: 16682 N West Point Pkwy Surprise AZ 85374 || hours:  Monday close 17 30 open 09 00 Tuesday close 17 30 open 09 00 Friday close 17 30 open 09 00 Wednesday close 17 30 open 09 00 Thursday close 17 30 open 09 00 Saturday close 16 00 open 10 00  || state: AZ || longitude:  112 3563433 || stars: 3 0 || latitude: 33 6360369 || attributes:  Accepts Credit Cards True  || open: True || categories:  Home Services Real Estate Apartments  || 
Desert Breeze Dental,city: Las Vegas || review_count: 10 || name: Desert Breeze Dental || neighborhoods:  Spring Valley  || type: business || full_address: 8650 Spring Mountain Rd Ste 101 Spring Valley Las Vegas NV 89117 || hours:  Tuesday close 17 00 open 08 00 Friday close 15 00 open 08 00 Monday close 17 00 open 08 00 Wednesday close 17 00 open 08 00 Thursday close 17 00 open 08 00  || state: NV || longitude:  115 2803937 || stars: 4 5 || latitude: 36 1261335 || attributes:  By Appointment Only True  || open: True || categories:  Endodontists Health Medical Dentists General Dentistry Cosmetic Dentists  || 
Flaming Wok,city: Madison || review_count: 31 || name: Flaming Wok || neighborhoods:  Mayfair Park  || type: business || full_address: 4237 Lien Rd Ste H Mayfair Park Madison WI 53704 || hours:  Monday close 00 00 open 10 30 Tuesday close 00 00 open 10 30 Friday close 00 00 open 10 30 Wednesday close 00 00 open 10 30 Thursday close 00 00 open 10 30 Sunday close 00 00 open 12 00 Saturday close 00 00 open 10 30  || state: WI || longitude:  89 3089837 || stars: 3 5 || latitude: 43 1206623 || attributes:  Take out True Price Range 1 Outdoor Seating False Noise Level quiet Parking garage False street False validated False lot False valet False Good For Groups True Delivery True Attire casual Has TV False Good For dessert False latenight False lunch True dinner True breakfast False brunch False Takes Reservations False Ambience romantic False intimate False touristy False hipster False divey False classy False trendy False upscale False casual False Waiter Service False Accepts Credit Cards True Good for Kids True Alcohol none Wheelchair Accessible True  || open: True || categories:  Chinese Restaurants  || 
TLC Moving,city: Chandler || review_count: 5 || name: TLC Moving || type: business || full_address: Chandler AZ || state: AZ || longitude:  111 8412502 || stars: 3 0 || latitude: 33 3061605 || attributes:  Accepts Credit Cards True  || open: True || categories:  Movers Home Services  || 
NOVUS Glass,city: Tempe || review_count: 7 || name: NOVUS Glass || type: business || full_address: 549 S 48th St Ste 101 Tempe AZ 85281 || state: AZ || longitude:  111 9767761 || stars: 1 0 || latitude: 33 4229944 || open: False || categories:  Automotive Auto Glass Services  || 
Sally Beauty Supply,city: Phoenix || review_count: 6 || name: Sally Beauty Supply || type: business || full_address: 4727 E Bell Road Suite 13 Phoenix AZ 85032 || state: AZ || longitude:  111 979828 || stars: 3 5 || latitude: 33 6384528 || attributes:  By Appointment Only False Accepts Credit Cards True Wheelchair Accessible True Price Range 1 Parking garage False street False validated False lot False valet False  || open: True || categories:  Shopping Cosmetics Beauty Supply Beauty Spas  || 
Cili,city: Las Vegas || review_count: 31 || name: Cili || neighborhoods:  Southeast  || type: business || full_address: 5160 Las Vegas Blvd S Southeast Las Vegas NV 89119 || hours:  Monday close 16 00 open 11 30 Tuesday close 16 00 open 11 30 Friday close 16 00 open 11 30 Wednesday close 16 00 open 11 30 Thursday close 16 00 open 11 30 Sunday close 16 00 open 11 30 Saturday close 16 00 open 11 30  || state: NV || longitude:  115 175499 || stars: 4 0 || latitude: 36 083212 || attributes:  Take out False Accepts Credit Cards True Price Range 3 Outdoor Seating True Caters True Noise Level quiet Parking garage False street False validated False lot True valet True Good For Groups True Delivery False Dogs Allowed False Attire dressy Has TV True Good For dessert False latenight False lunch True dinner False breakfast False brunch False Takes Reservations True Ambience romantic False intimate False classy False hipster False divey False touristy False trendy False upscale False casual False Waiter Service True Wi Fi free Good for Kids False Alcohol full_bar Wheelchair Accessible True  || open: True || categories:  American New Event Planning Services Venues Event Spaces Restaurants  || 
Cellphone 911,city: Chandler || review_count: 4 || name: Cellphone 911 || type: business || full_address: Chandler AZ 85224 || hours:  Monday close 19 00 open 08 30 Tuesday close 19 00 open 08 30 Friday close 19 00 open 08 30 Wednesday close 19 30 open 08 30 Thursday close 19 00 open 08 30 Sunday close 17 00 open 09 00 Saturday close 19 00 open 09 00  || state: AZ || longitude:  111 8747445 || stars: 5 0 || latitude: 33 3260297 || attributes:  Accepts Credit Cards False  || open: True || categories:  Local Services Mobile Phone Repair IT Services Computer Repair  || 
Salazar s Detailing Service LLC,city: Peoria || review_count: 7 || name: Salazar s Detailing Service LLC || type: business || full_address: Peoria AZ 85381 || hours:  Monday close 18 00 open 08 00 Tuesday close 18 00 open 08 00 Friday close 18 00 open 08 00 Wednesday close 18 00 open 08 00 Thursday close 18 00 open 08 00 Saturday close 18 00 open 08 00  || state: AZ || longitude:  111 915858 || stars: 5 0 || latitude: 32 998019 || open: True || categories:  Automotive Auto Detailing  || 
Vegas Getaways,city: Las Vegas || review_count: 4 || name: Vegas Getaways || neighborhoods:  Chinatown  || type: business || full_address: 3560 Polaris Ave Ste 13 Chinatown Las Vegas NV 89103 || hours:  Monday close 21 00 open 09 00 Tuesday close 21 00 open 09 00 Friday close 21 00 open 09 00 Wednesday close 21 00 open 09 00 Thursday close 21 00 open 09 00 Sunday close 21 00 open 09 00 Saturday close 21 00 open 09 00  || state: NV || longitude:  115 18498 || stars: 2 0 || latitude: 36 124766 || open: True || categories:  Hotels Travel Vacation Rental Agents  || 
Alta Villa Spa Salon,city: Pittsburgh || review_count: 3 || name: Alta Villa Spa Salon || neighborhoods:  Downtown  || type: business || full_address: 429 Forbes Ave Ste 505 Downtown Pittsburgh PA 15219 || hours:  Monday close 19 00 open 09 00 Tuesday close 16 30 open 09 00 Friday close 17 00 open 09 00 Wednesday close 16 30 open 09 00 Thursday close 19 00 open 09 00 Saturday close 17 00 open 09 00  || state: PA || longitude:  79 9979013 || stars: 5 0 || latitude: 40 4391874 || attributes:  By Appointment Only True Accepts Credit Cards True Good for Kids True Price Range 2 Parking garage True street False validated False lot False valet False  || open: True || categories:  Hair Salons Day Spas Nail Salons Beauty Spas  || 
Hola Cabrito ,city: Phoenix || review_count: 3 || name: Hola Cabrito  || type: business || full_address: 4835 S 16th St Phoenix AZ 85040 || state: AZ || longitude:  112 0471721 || stars: 4 5 || latitude: 33 401713 || attributes:  Accepts Credit Cards True Price Range 1 Parking garage False street False validated False lot True valet False  || open: True || categories:  Food Ethnic Food Specialty Food  || 
Thai Taste Matthews,city: Matthews || review_count: 56 || name: Thai Taste Matthews || type: business || full_address: 131 Matthews Station St Ste 1f Matthews NC 28105 || hours:  Monday close 22 00 open 17 00 Tuesday close 22 00 open 17 00 Friday close 22 00 open 17 00 Wednesday close 22 00 open 17 00 Thursday close 22 00 open 17 00 Saturday close 22 00 open 11 00  || state: NC || longitude:  80 7193422318 || stars: 4 0 || latitude: 35 1167668277 || attributes:  Take out True Accepts Credit Cards True Price Range 2 Outdoor Seating True Caters False Noise Level quiet Parking garage False street True validated False lot False valet False Good For Groups True Delivery False Dogs Allowed False Attire casual Has TV False Good For dessert False latenight False lunch True dinner False breakfast False brunch False Takes Reservations True Ambience romantic False intimate False touristy False hipster False divey False classy False trendy False upscale False casual True Waiter Service True Wi Fi free Good for Kids True Alcohol beer_and_wine Wheelchair Accessible True  || open: True || categories:  Thai Restaurants  || 
Salad Creations,city: Las Vegas || review_count: 5 || name: Salad Creations || type: business || full_address: 6485 N Decatur Blvd Ste 130 Las Vegas NV 89131 || state: NV || longitude:  115 2068052 || stars: 4 0 || latitude: 36 2774476 || attributes:  Take out True Accepts Credit Cards True Price Range 2 Outdoor Seating False Caters True Noise Level quiet Parking garage False street False validated False lot True valet False Good For Groups True Delivery False Attire casual Has TV False Good For dessert False latenight False lunch True dinner True breakfast False brunch False Takes Reservations False Ambience romantic False intimate False touristy False hipster False divey False classy False trendy False upscale False casual True Waiter Service False Wi Fi no Good for Kids True Alcohol none Wheelchair Accessible True  || open: False || categories:  Delis Restaurants  || 
Rotisserie Romados,city: Montr al || review_count: 298 || name: Rotisserie Romados || neighborhoods:  Plateau Mont Royal  || type: business || full_address: 115 Rue Rachel E Plateau Mont Royal Montr al QC H2W 1C8 || hours:  Monday close 20 00 open 09 00 Tuesday close 21 00 open 06 30 Friday close 22 00 open 07 00 Wednesday close 21 00 open 06 30 Thursday close 22 00 open 07 00 Sunday close 21 00 open 07 00 Saturday close 21 00 open 07 00  || state: QC || longitude:  73 5805814 || stars: 4 5 || latitude: 45 5192658 || attributes:  Take out True Accepts Credit Cards True Price Range 1 Outdoor Seating False Caters False Noise Level average Parking garage False street True validated False lot False valet False Good For Groups False Delivery False Attire casual Has TV False Good For dessert False latenight False lunch True dinner False brunch False breakfast False Takes Reservations False Ambience romantic False intimate False classy False hipster False divey False touristy False trendy False upscale False casual True Waiter Service False Wi Fi no Good for Kids True Alcohol none Wheelchair Accessible False  || open: True || categories:  Bakeries Food Portuguese Barbeque Restaurants  || 
Havana Electrical and Plumbing,city: Phoenix || review_count: 3 || name: Havana Electrical and Plumbing || type: business || full_address: 3528 W McDowell Rd Phoenix AZ 85009 || hours:  Monday close 17 00 open 08 00 Tuesday close 17 00 open 08 00 Friday close 17 00 open 08 00 Wednesday close 17 00 open 08 00 Thursday close 17 00 open 08 00 Saturday close 14 00 open 09 00  || state: AZ || longitude:  112 135687 || stars: 5 0 || latitude: 33 466233 || attributes:  Accepts Credit Cards True Price Range 1  || open: True || categories:  Shopping Home Services Home Garden Hardware Stores Electricians Plumbing  || 
Tower Cleaners,city: Phoenix || review_count: 5 || name: Tower Cleaners || type: business || full_address: 1810 W Northern Ave Ste A3 Phoenix AZ 85021 || state: AZ || longitude:  112 098337 || stars: 2 0 || latitude: 33 553457 || attributes:  Accepts Credit Cards True Price Range 2 Wi Fi no Parking garage False street False validated False lot False valet False  || open: True || categories:  Local Services Dry Cleaning Laundry  || 
Akemi,city: Verdun || review_count: 5 || name: Akemi || neighborhoods:  Verdun  || type: business || full_address: 383 Rue de l glise Verdun Verdun QC H4G 2M5 || state: QC || longitude:  73 5688962 || stars: 3 0 || latitude: 45 4628842 || attributes:  Take out True Accepts Credit Cards True Outdoor Seating False Noise Level quiet Parking garage False street False validated False lot False valet False Delivery True Ambience romantic False intimate False classy False upscale False touristy False trendy False casual False Has TV True Good For dessert False latenight False lunch False dinner False breakfast False brunch False Takes Reservations False Attire casual Wi Fi no Price Range 2  || open: True || categories:  Sushi Bars Restaurants  || 
G H Bass,city: Las Vegas || review_count: 5 || name: G H Bass || neighborhoods:  Southeast  || type: business || full_address: 7400 Las Vegas Boulevard S Southeast Las Vegas NV 89123 || state: NV || longitude:  115 1690207 || stars: 3 5 || latitude: 36 052392 || attributes:  Accepts Credit Cards True Price Range 2 Parking garage False street False validated False lot False valet False  || open: True || categories:  Fashion Shopping Shoe Stores  || 
The Duchess bar and Grille,city: Mesa || review_count: 4 || name: The Duchess bar and Grille || type: business || full_address: 3929 E Main St Ste 2 Mesa AZ 85205 || hours:  Monday close 06 30 open 06 00 Tuesday close 00 00 open 06 00 Friday close 02 00 open 06 00 Wednesday close 00 00 open 06 00 Thursday close 00 00 open 06 00 Sunday close 00 00 open 09 00 Saturday close 02 00 open 06 00  || state: AZ || longitude:  111 7463404 || stars: 4 5 || latitude: 33 4150464 || attributes:  Take out False Accepts Credit Cards True Price Range 1 Outdoor Seating False Caters False Noise Level quiet Parking garage False street False validated False lot False valet False Delivery False Attire casual Has TV True Good For dessert False latenight False lunch False dinner False breakfast False brunch False Takes Reservations False Ambience romantic False intimate False classy False hipster False divey False touristy False trendy False upscale False casual False Waiter Service True Wi Fi no Good for Kids False Good For Groups True Alcohol full_bar  || open: True || categories:  Bars American Traditional Nightlife Restaurants  || 
Qdoba Mexican Grill,city: Pittsburgh || review_count: 3 || name: Qdoba Mexican Grill || neighborhoods:  South Side  || type: business || full_address: 2425 Sidney St South Side Pittsburgh PA 15203 || state: PA || longitude:  79 9695913 || stars: 2 5 || latitude: 40 4291463 || attributes:  Take out True Price Range 2 Outdoor Seating False Noise Level quiet Parking garage False street False validated False lot False valet False Delivery False Attire casual Has TV False Good For dessert False latenight False lunch False dinner False brunch False breakfast False Takes Reservations False Ambience romantic False intimate False classy False hipster False divey False touristy False trendy False upscale False casual False Waiter Service False Accepts Credit Cards True Good for Kids True Good For Groups True Alcohol none  || open: True || categories:  Mexican Restaurants  || 
Service King Collision Repair of North Las Vegas,city: Las Vegas || review_count: 6 || name: Service King Collision Repair of North Las Vegas || type: business || full_address: 2902 East Craig Road Las Vegas NV 89030 || hours:  Monday close 18 00 open 07 00 Tuesday close 18 00 open 07 00 Friday close 18 00 open 07 00 Wednesday close 18 00 open 07 00 Thursday close 18 00 open 07 00 Saturday close 13 00 open 08 00  || state: NV || longitude:  115 109570294 || stars: 3 5 || latitude: 36 2406686094 || open: True || categories:  Auto Repair Automotive Body Shops  || 
Voulez Vous Nails Spa,city: Surprise || review_count: 27 || name: Voulez Vous Nails Spa || type: business || full_address: 13375 W Grand Ave Ste 103 Surprise AZ 85374 || hours:  Monday close 19 00 open 09 00 Tuesday close 19 00 open 09 00 Friday close 19 00 open 09 00 Wednesday close 19 00 open 09 00 Thursday close 19 00 open 09 00 Sunday close 17 00 open 10 00 Saturday close 18 00 open 09 00  || state: AZ || longitude:  112 350790808 || stars: 4 0 || latitude: 33 6381339797 || attributes:  By Appointment Only False Accepts Credit Cards True Price Range 2 Parking garage False street False validated False lot True valet False  || open: True || categories:  Day Spas Beauty Spas Hair Removal Nail Salons  || 
Rialto Deli,city: Las Vegas || review_count: 18 || name: Rialto Deli || neighborhoods:  The Strip  || type: business || full_address: Venetian Hotel Casino 3355 Las Vegas Blvd The Strip Las Vegas NV 89109 || state: NV || longitude:  115 1701939 || stars: 3 5 || latitude: 36 1226902 || attributes:  Take out True Accepts Credit Cards True Price Range 1 Outdoor Seating False Noise Level quiet Parking garage True street False validated False lot False valet False Delivery False Ambience romantic False intimate False touristy False hipster False divey False classy False trendy False upscale False casual False Order at Counter True Has TV False Good For dessert False latenight False lunch True dinner False breakfast False brunch False Takes Reservations False Attire casual Waiter Service False Wi Fi no Good for Kids True Good For Groups False Wheelchair Accessible True  || open: False || categories:  Delis Restaurants  || 
Venezia s New York Style Pizzeria,city: Mesa || review_count: 97 || name: Venezia s New York Style Pizzeria || type: business || full_address: 5057 E Mckellips Rd Mesa AZ 85205 || hours:  Monday close 22 00 open 10 30 Tuesday close 22 00 open 10 30 Friday close 23 00 open 10 30 Wednesday close 22 00 open 10 30 Thursday close 22 00 open 10 30 Sunday close 22 00 open 10 30 Saturday close 23 00 open 10 30  || state: AZ || longitude:  111 720466 || stars: 4 5 || latitude: 33 451295 || attributes:  Take out True Accepts Credit Cards True Price Range 1 Outdoor Seating True Caters True Noise Level average Parking garage False street False validated False lot True valet False Good For Groups True Delivery True Dogs Allowed False Attire casual Has TV True Good For dessert False latenight False lunch True dinner False breakfast False brunch False Takes Reservations False Ambience romantic False intimate False touristy False hipster False divey False classy False trendy False upscale False casual True Waiter Service False Wi Fi free Good for Kids True Alcohol none Wheelchair Accessible True  || open: True || categories:  Italian Pizza Sandwiches Restaurants  || 
Carl s Jr,city: Scottsdale || review_count: 8 || name: Carl s Jr || type: business || full_address: 15144 N Northsight Blvd Scottsdale AZ 85260 || hours:  Monday close 00 00 open 06 00 Tuesday close 00 00 open 06 00 Friday close 01 00 open 06 00 Wednesday close 00 00 open 06 00 Thursday close 00 00 open 06 00 Sunday close 00 00 open 06 00 Saturday close 01 00 open 06 00  || state: AZ || longitude:  111 896102939 || stars: 3 5 || latitude: 33 6238144021 || attributes:  Take out True Accepts Credit Cards True Drive Thru True Outdoor Seating False Caters False Noise Level average Parking garage False street False validated False lot True valet False Good For Groups True Delivery False Attire casual Has TV True Price Range 1 Good For dessert False latenight False lunch False dinner False brunch False breakfast True Takes Reservations False Ambience romantic False intimate False classy False hipster False divey False touristy False trendy False upscale False casual True Waiter Service True Wi Fi no Good for Kids True Alcohol none Wheelchair Accessible True  || open: True || categories:  Burgers Fast Food Restaurants  || 
Los Tarascos Tacos,city: Las Vegas || review_count: 4 || name: Los Tarascos Tacos || neighborhoods:  Westside  || type: business || full_address: 342 S Decatur Blvd Westside Las Vegas NV 89107 || state: NV || longitude:  115 206191316 || stars: 4 0 || latitude: 36 1693002284 || attributes:  Take out True Caters True Noise Level average Takes Reservations False Ambience romantic False intimate False touristy False hipster False divey False classy False trendy False upscale False casual False Has TV True Outdoor Seating False Parking garage False street False validated False lot False valet False Attire casual Waiter Service False Accepts Credit Cards True Good for Kids True Good For Groups True Price Range 1  || open: False || categories:  Mexican Restaurants  || 
Dairy Queen,city: Montr al || review_count: 3 || name: Dairy Queen || neighborhoods:  Plateau Mont Royal Ville Marie  || type: business || full_address: 4604 Avenue Du Parc Plateau Mont Royal Montr al QC H2V 4E5 || state: QC || longitude:  73 5914598 || stars: 3 0 || latitude: 45 5170863 || attributes:  Accepts Credit Cards True Price Range 1 Wi Fi no Parking garage False street False validated False lot False valet False  || open: True || categories:  Food Ice Cream Frozen Yogurt  || 
Superstition Springs Endodontics,city: Mesa || review_count: 18 || name: Superstition Springs Endodontics || type: business || full_address: 6755 E Superstition Springs Ste 101 Mesa AZ 85206 || hours:  Tuesday close 17 00 open 08 00 Friday close 17 00 open 08 00 Monday close 17 00 open 08 00 Wednesday close 17 00 open 08 00 Thursday close 17 00 open 08 00  || state: AZ || longitude:  111 6868027 || stars: 5 0 || latitude: 33 3840377 || attributes:  By Appointment Only True  || open: True || categories:  Endodontists Health Medical Dentists  || 
Baked Potato Shop,city: Edinburgh || review_count: 106 || name: Baked Potato Shop || neighborhoods:  Old Town Royal Mile  || type: business || full_address: 56 Cockburn Street Old Town Old Town Edinburgh EH1 1PB || hours:  Monday close 21 00 open 09 00 Tuesday close 21 00 open 09 00 Friday close 21 00 open 09 00 Wednesday close 21 00 open 09 00 Thursday close 21 00 open 09 00 Sunday close 21 00 open 09 00 Saturday close 21 00 open 09 00  || state: EDH || longitude:  3 1885013 || stars: 4 5 || latitude: 55 9503252 || attributes:  Take out True Accepts Credit Cards True Drive Thru False Outdoor Seating False Caters False Noise Level average Parking garage False street True validated False lot False valet False Good For Groups False Delivery False Waiter Service False Attire casual Has TV False Price Range 1 Good For dessert False latenight False lunch True dinner False breakfast False brunch False Takes Reservations False Ambience romantic False intimate False classy False hipster False divey False touristy False trendy False upscale False casual True Smoking no Wi Fi no Good for Kids True Alcohol none Wheelchair Accessible False  || open: True || categories:  Vegetarian Fast Food Vegan Restaurants  || 
City Tavern,city: Fort Mill || review_count: 26 || name: City Tavern || type: business || full_address: 501 Crossroads Plz Fort Mill SC 29708 || hours:  Monday close 22 00 open 11 00 Tuesday close 22 00 open 11 00 Friday close 23 00 open 11 00 Wednesday close 22 00 open 11 00 Thursday close 22 00 open 11 00 Sunday close 15 00 open 10 30 Saturday close 23 00 open 11 00  || state: SC || longitude:  80 9896715245 || stars: 3 0 || latitude: 35 0611308591 || attributes:  Take out True Accepts Credit Cards True Price Range 2 Outdoor Seating True Caters True Noise Level quiet Parking garage False street False validated False lot False valet False Delivery False Attire casual Has TV True Good For dessert False latenight False lunch False dinner False brunch False breakfast False Takes Reservations True Ambience romantic False intimate False classy False hipster False divey False touristy False trendy False upscale False casual True Waiter Service True Wi Fi no Good for Kids True Good For Groups True Alcohol full_bar  || open: True || categories:  Tapas Bars Steakhouses American New Restaurants  || 
Hands In Motion Massage Therapy LLC,city: Glendale || review_count: 6 || name: Hands In Motion Massage Therapy LLC || type: business || full_address: Beauty Studios 7155 W Campo Bello Dr Bldg A Ste 12 Glendale AZ 85308 || hours:  Tuesday close 19 00 open 10 30 Friday close 17 00 open 10 30 Wednesday close 19 00 open 10 30 Thursday close 19 00 open 10 30 Saturday close 15 30 open 10 30  || state: AZ || longitude:  112 213611638 || stars: 5 0 || latitude: 33 6418718975 || attributes:  By Appointment Only True  || open: True || categories:  Massage Therapy Health Medical  || 
McAlister s Deli,city: Charlotte || review_count: 26 || name: McAlister s Deli || neighborhoods:  South Park  || type: business || full_address: 4805 Park Road Suite 101 South Park Charlotte NC 28209 || hours:  Monday close 22 00 open 10 30 Tuesday close 22 00 open 10 30 Friday close 22 30 open 10 30 Wednesday close 22 00 open 10 30 Thursday close 22 00 open 10 30 Sunday close 22 00 open 10 30 Saturday close 22 30 open 10 30  || state: NC || longitude:  80 849993 || stars: 3 0 || latitude: 35 165441 || attributes:  Take out True Accepts Credit Cards True Price Range 1 Outdoor Seating True Caters True Noise Level average Parking garage False street False validated False lot True valet False Good For Groups True Delivery False Attire casual Has TV False Good For dessert False latenight False lunch True dinner False breakfast False brunch False Takes Reservations False Ambience romantic False intimate False touristy False hipster False divey False classy False trendy False upscale False casual True Waiter Service False Wi Fi free Good for Kids True Alcohol none Wheelchair Accessible True  || open: True || categories:  Delis Sandwiches Salad Restaurants  || 
Cold Stone Creamery,city: Chandler || review_count: 9 || name: Cold Stone Creamery || type: business || full_address: 2970 East Germann Road Suite 5 Chandler AZ 85286 || state: AZ || longitude:  111 79161657 || stars: 3 0 || latitude: 33 2784384601 || attributes:  Accepts Credit Cards True Price Range 2 Wi Fi no Parking garage False street False validated False lot False valet False  || open: True || categories:  Food Ice Cream Frozen Yogurt  || 
The Evening Muse,city: Charlotte || review_count: 42 || name: The Evening Muse || neighborhoods:  NoDa  || type: business || full_address: 3227 N Davidson St NoDa Charlotte NC 28205 || hours:  Monday close 00 00 open 18 00 Friday close 02 00 open 18 00 Wednesday close 00 00 open 18 00 Thursday close 00 00 open 18 00 Saturday close 02 00 open 18 00  || state: NC || longitude:  80 8048244 || stars: 4 0 || latitude: 35 2477482 || attributes:  Wheelchair Accessible True Alcohol beer_and_wine Good For Dancing True Noise Level very_loud Parking garage False street True validated False lot False valet False Smoking outdoor Happy Hour False Has TV False Outdoor Seating False Coat Check False Ambience romantic False intimate False classy False hipster False divey False touristy False trendy False upscale False casual True Music dj False live True video False jukebox False Accepts Credit Cards True Good for Kids False Good For Groups True Price Range 1  || open: True || categories:  Arts Entertainment Bars Nightlife Music Venues  || 
Shelter,city: Edinburgh || review_count: 3 || name: Shelter || neighborhoods:  West End Haymarket  || type: business || full_address: 27 Dalry Rd West End Edinburgh EH11 2BQ || state: EDH || longitude:  3 2173168 || stars: 4 5 || latitude: 55 9450981 || attributes:  Wheelchair Accessible True Price Range 1 Parking garage False street False validated False lot False valet False  || open: True || categories:  Thrift Stores Shopping Used Vintage Consignment Local Services Fashion Community Service Non Profit  || 
OfficeTeam,city: Las Vegas || review_count: 4 || name: OfficeTeam || neighborhoods:  Eastside  || type: business || full_address: 3753 Howard Hughes Pkwy Suite 310 Eastside Las Vegas NV 89169 || state: NV || longitude:  115 158104 || stars: 4 0 || latitude: 36 1206658 || open: True || categories:  Employment Agencies Professional Services  || 
Bocci Restaurant Lounge,city: Lasalle || review_count: 8 || name: Bocci Restaurant Lounge || neighborhoods:  LaSalle  || type: business || full_address: 1756 Avenue Dollard LaSalle Lasalle QC H8N 1T8 || hours:  Monday close 22 00 open 11 00 Tuesday close 22 00 open 11 00 Friday close 00 00 open 11 00 Wednesday close 22 00 open 11 00 Thursday close 23 00 open 11 00 Sunday close 22 00 open 11 00 Saturday close 00 00 open 11 00  || state: QC || longitude:  73 6318465 || stars: 3 0 || latitude: 45 4291012 || attributes:  Take out True Takes Reservations True Delivery True Has TV True Outdoor Seating True Attire casual Accepts Credit Cards True Good for Kids True Good For Groups True Price Range 2  || open: True || categories:  Pizza Restaurants Cafes Italian  || 
Alliance Pest Management,city: Scottsdale || review_count: 6 || name: Alliance Pest Management || type: business || full_address: 6931 E Thomas Rd Scottsdale AZ 85251 || state: AZ || longitude:  111 9306 || stars: 3 0 || latitude: 33 480068 || attributes:  Accepts Credit Cards False  || open: True || categories:  Local Services Pest Control  || 
Caffe Boa,city: Tempe || review_count: 404 || name: Caffe Boa || type: business || full_address: 398 S Mill Ave Tempe AZ 85281 || hours:  Monday close 22 00 open 11 00 Tuesday close 22 00 open 11 00 Friday close 23 00 open 11 00 Wednesday close 22 00 open 11 00 Thursday close 23 00 open 11 00 Sunday close 22 00 open 10 00 Saturday close 22 00 open 10 00  || state: AZ || longitude:  111 940428 || stars: 3 5 || latitude: 33 426651 || attributes:  Alcohol full_bar Open 24 Hours False Noise Level average Has TV False Attire casual Ambience romantic False intimate False touristy False hipster False divey False classy True trendy False upscale False casual False Good for Kids False Price Range 2 Delivery False Caters False BYOB False Accepts Credit Cards True BYOB Corkage no Take out True Wheelchair Accessible True Outdoor Seating True Takes Reservations True Waiter Service True Wi Fi free Order at Counter True Good For dessert False latenight False lunch False dinner True breakfast False brunch False Parking garage True street True validated False lot False valet False Good For Groups True  || open: True || categories:  Italian American New Breakfast Brunch Restaurants  || 
Big Apple Bar at New York New York,city: Las Vegas || review_count: 13 || name: Big Apple Bar at New York New York || neighborhoods:  The Strip  || type: business || full_address: 3790 Las Vegas Boulevard S The Strip Las Vegas NV 89109 || state: NV || longitude:  115 1735161 || stars: 3 5 || latitude: 36 1030009 || attributes:  Music live True dj False jukebox False Outdoor Seating False Parking garage False street False validated False lot False valet False Accepts Credit Cards True Good For Groups True Price Range 2  || open: True || categories:  Nightlife  || 
A To Z Equipment Rentals Sales,city: Phoenix || review_count: 7 || name: A To Z Equipment Rentals Sales || type: business || full_address: 15634 N 32nd St Phoenix AZ 85032 || hours:  Monday close 17 00 open 06 30 Tuesday close 17 00 open 06 30 Friday close 17 00 open 06 30 Wednesday close 17 00 open 06 30 Thursday close 17 00 open 06 30 Saturday close 17 00 open 06 30  || state: AZ || longitude:  112 0139112 || stars: 4 5 || latitude: 33 6294198 || attributes:  Accepts Credit Cards True  || open: True || categories:  Local Services Machine Tool Rental  || 
Canyon Modern Dentistry and Orthodontics,city: Surprise || review_count: 22 || name: Canyon Modern Dentistry and Orthodontics || type: business || full_address: 17081 W Greenway Rd Ste 120 Surprise AZ 85388 || hours:  Monday close 19 00 open 07 00 Tuesday close 19 00 open 07 00 Friday close 16 00 open 07 00 Wednesday close 19 00 open 07 00 Thursday close 19 00 open 07 00 Saturday close 14 00 open 08 00  || state: AZ || longitude:  112 426416 || stars: 3 5 || latitude: 33 623572 || attributes:  By Appointment Only False  || open: True || categories:  Oral Surgeons Health Medical Dentists Orthodontists General Dentistry  || 
Canna Lily Catering,city: Las Vegas || review_count: 7 || name: Canna Lily Catering || neighborhoods:  Spring Valley  || type: business || full_address: Spring Valley Las Vegas NV 89118 || state: NV || longitude:  115 225375481 || stars: 3 0 || latitude: 36 0774951873 || attributes:  Accepts Credit Cards True  || open: True || categories:  Event Planning Services Caterers  || 
Jiffy Lube,city: Madison || review_count: 9 || name: Jiffy Lube || neighborhoods:  Tenney Lapham  || type: business || full_address: 1102 E Washington Ave Tenney Lapham Madison WI 53703 || hours:  Monday close 19 00 open 07 00 Tuesday close 19 00 open 07 00 Friday close 19 00 open 07 00 Wednesday close 19 00 open 07 00 Thursday close 19 00 open 07 00 Sunday close 18 00 open 09 00 Saturday close 19 00 open 07 00  || state: WI || longitude:  89 36984 || stars: 3 0 || latitude: 43 085271 || open: True || categories:  Auto Repair Oil Change Stations Automotive  || 
Ridenow Powersports On Craig,city: North Las Vegas || review_count: 21 || name: Ridenow Powersports On Craig || type: business || full_address: 4120 E Craig Rd North Las Vegas NV 89030 || hours:  Monday close 18 00 open 09 00 Tuesday close 18 00 open 09 00 Friday close 18 00 open 09 00 Wednesday close 18 00 open 09 00 Thursday close 18 00 open 09 00 Sunday close 17 00 open 10 00 Saturday close 18 00 open 09 00  || state: NV || longitude:  115 083551 || stars: 2 5 || latitude: 36 240922 || open: True || categories:  Automotive Motorcycle Dealers  || 
The Pita Pit,city: Champaign || review_count: 3 || name: The Pita Pit || type: business || full_address: 611 E Green St Champaign IL 61820 || state: IL || longitude:  88 229804 || stars: 3 5 || latitude: 40 110039 || attributes:  Delivery True Take out True Price Range 1 Outdoor Seating False Parking garage False street True validated False lot False valet False Good For Groups True BYOB False Corkage False Good For lunch False breakfast False dinner False latenight False Takes Reservations False Attire casual Waiter Service False Accepts Credit Cards True BYOB Corkage yes_free Wheelchair Accessible True  || open: False || categories:  Sandwiches Restaurants  || 
Cheep Cheep Movers,city: Las Vegas || review_count: 19 || name: Cheep Cheep Movers || neighborhoods:  Southeast  || type: business || full_address: 1650 Helm Dr Ste 800 Southeast Las Vegas NV 89119 || state: NV || longitude:  115 1302463 || stars: 3 5 || latitude: 36 0686735 || attributes:  Accepts Credit Cards False  || open: True || categories:  Movers Home Services  || 
Chandler City,city: Chandler || review_count: 3 || name: Chandler City || type: business || full_address: 55 N Arizona Pl Ste 301 Chandler AZ 85225 || state: AZ || longitude:  111 840447 || stars: 4 0 || latitude: 33 304066 || attributes:  Good for Kids True  || open: True || categories:  Active Life  || 
Ephemeris Tea Room,city: Edinburgh || review_count: 7 || name: Ephemeris Tea Room || neighborhoods:  Marchmont  || type: business || full_address: 24 Marchmont Crescent Marchmont Edinburgh EH9 1HG || hours:  Monday close 18 00 open 10 00 Tuesday close 18 00 open 10 00 Friday close 18 00 open 10 00 Wednesday close 18 00 open 10 00 Thursday close 18 00 open 10 00 Sunday close 18 00 open 12 00 Saturday close 18 00 open 10 00  || state: EDH || longitude:  3 1931978 || stars: 4 5 || latitude: 55 9379877 || attributes:  Take out True Accepts Credit Cards False Price Range 2 Outdoor Seating True Noise Level quiet Attire casual Good For Groups False Delivery False Has TV False Good For dessert False latenight False lunch False dinner False breakfast False brunch False Parking garage False street False validated False lot False valet False Ambience romantic False intimate False classy False upscale False touristy False trendy False casual False Waiter Service True Wi Fi free Alcohol none Wheelchair Accessible True  || open: False || categories:  Food Tea Rooms Coffee Tea Breakfast Brunch Restaurants  || 
ADEQ Auto Emissions Inspection Station,city: Phoenix || review_count: 6 || name: ADEQ Auto Emissions Inspection Station || type: business || full_address: 10210 N 23rd Ave Phoenix AZ 85021 || hours:  Monday close 19 00 open 08 00 Tuesday close 19 00 open 08 00 Friday close 19 00 open 08 00 Wednesday close 19 00 open 08 00 Thursday close 19 00 open 08 00 Saturday close 17 00 open 08 00  || state: AZ || longitude:  112 108587585 || stars: 2 5 || latitude: 33 578514745 || open: True || categories:  Automotive Smog Check Stations  || 
Restaurant Kim Foo,city: Montr al || review_count: 6 || name: Restaurant Kim Foo || neighborhoods:  Ville Marie  || type: business || full_address: 990 Saint Antoine Rue W Ville Marie Montr al QC H3C 1A7 || state: QC || longitude:  73 5655314 || stars: 1 5 || latitude: 45 4979107 || open: True || categories:  Chinese Restaurants  || 
Growler Beers,city: Edinburgh || review_count: 6 || name: Growler Beers || neighborhoods:  Morningside  || type: business || full_address: 229 Morningside Road Morningside Edinburgh EH10 4QT || hours:  Monday close 21 00 open 12 00 Tuesday close 21 00 open 12 00 Friday close 22 00 open 12 00 Wednesday close 21 00 open 12 00 Thursday close 21 00 open 12 00 Sunday close 21 00 open 12 00 Saturday close 22 00 open 10 00  || state: MLN || longitude:  3 2091981 || stars: 4 5 || latitude: 55 9278861 || attributes:  Price Range 2 Accepts Credit Cards True Wheelchair Accessible True Parking garage False street True lot False valet False  || open: True || categories:  Food Beer Wine Spirits  || 
NYPD Pizza,city: Phoenix || review_count: 88 || name: NYPD Pizza || type: business || full_address: 556 W McDowell Rd Phoenix AZ 85003 || hours:  Monday close 21 30 open 10 30 Tuesday close 21 30 open 10 30 Friday close 22 30 open 10 30 Wednesday close 21 30 open 10 30 Thursday close 21 30 open 10 30 Sunday close 21 30 open 10 30 Saturday close 22 30 open 10 30  || state: AZ || longitude:  112 0823273 || stars: 3 5 || latitude: 33 4660623 || attributes:  Take out True Accepts Credit Cards True Price Range 2 Outdoor Seating True Caters True Noise Level average Parking garage False street False validated False lot True valet False Good For Groups True Delivery True Attire casual Has TV True Good For dessert False latenight False lunch True dinner False brunch False breakfast False Takes Reservations False Ambience romantic False intimate False touristy False hipster False divey False classy False trendy False upscale False casual True Waiter Service True Wi Fi free Good for Kids True Alcohol full_bar Wheelchair Accessible True  || open: True || categories:  Pizza Restaurants  || 
East Charleston Animal Hospital,city: Las Vegas || review_count: 19 || name: East Charleston Animal Hospital || neighborhoods:  Downtown  || type: business || full_address: 701 E Charleston Blvd Downtown Las Vegas NV 89101 || hours:  Monday close 18 00 open 08 00 Tuesday close 18 00 open 08 00 Friday close 18 00 open 08 00 Wednesday close 18 00 open 08 00 Thursday close 18 00 open 08 00 Saturday close 15 00 open 09 00  || state: NV || longitude:  115 1439672 || stars: 4 5 || latitude: 36 1590534 || open: True || categories:  Veterinarians Pets  || 
Angel Touch Nails,city: Glendale || review_count: 11 || name: Angel Touch Nails || type: business || full_address: 3870 W Happy Valley Rd Glendale AZ 85310 || hours:  Monday close 19 00 open 09 00 Tuesday close 19 00 open 09 00 Friday close 19 00 open 09 00 Wednesday close 19 00 open 09 00 Thursday close 19 00 open 09 00 Sunday close 17 00 open 11 00 Saturday close 18 00 open 09 00  || state: AZ || longitude:  112 1419558 || stars: 3 0 || latitude: 33 7131361 || attributes:  By Appointment Only False Accepts Credit Cards True Price Range 1  || open: False || categories:  Beauty Spas Nail Salons  || 
Bravo Restaurant,city: Fort Mill || review_count: 4 || name: Bravo Restaurant || type: business || full_address: 3700 Avenue of the Carolinas Ste 126 Fort Mill SC 29708 || state: SC || longitude:  80 933739 || stars: 4 5 || latitude: 35 0993229 || open: False || categories:  American Traditional Restaurants  || 
Palermos Pizza,city: Phoenix || review_count: 17 || name: Palermos Pizza || type: business || full_address: 2620 S 83rd Ave Phoenix AZ 85043 || state: AZ || longitude:  112 239795 || stars: 3 0 || latitude: 33 424939 || attributes:  Take out True Accepts Credit Cards True Price Range 1 Outdoor Seating False Caters False Noise Level average Parking garage False street False validated False lot False valet False Good For Groups True Delivery False Attire casual Has TV True Good For dessert False latenight False lunch True dinner False brunch False breakfast False Takes Reservations False Ambience romantic False intimate False touristy False hipster False divey False classy False trendy False upscale False casual False Waiter Service False Wi Fi no Good for Kids True Alcohol beer_and_wine Wheelchair Accessible True  || open: True || categories:  Pizza Restaurants  || 
Sam s Town Hotel Gambling Hall,city: Las Vegas || review_count: 286 || name: Sam s Town Hotel Gambling Hall || type: business || full_address: 5111 Boulder Highway Las Vegas NV 89122 || hours:  Monday close 00 00 open 00 00 Tuesday close 00 00 open 00 00 Friday close 00 00 open 00 00 Wednesday close 00 00 open 00 00 Thursday close 00 00 open 00 00 Sunday close 00 00 open 00 00 Saturday close 00 00 open 00 00  || state: NV || longitude:  115 062444364 || stars: 3 5 || latitude: 36 1128347686 || attributes:  Accepts Credit Cards True Good for Kids True Wi Fi free Price Range 2  || open: True || categories:  Hotels Travel Arts Entertainment Casinos Event Planning Services Hotels  || 
Vanilla Bean,city: Madison || review_count: 9 || name: Vanilla Bean || type: business || full_address: 6805 Odana Rd Madison WI 53719 || hours:  Monday close 18 00 open 09 30 Tuesday close 18 00 open 09 30 Friday close 18 00 open 09 30 Wednesday close 18 00 open 09 30 Thursday close 18 00 open 09 30 Saturday close 16 00 open 09 30  || state: WI || longitude:  89 4992131 || stars: 4 5 || latitude: 43 0561904 || attributes:  Price Range 2 Accepts Credit Cards True Wheelchair Accessible False Parking garage False street False validated False lot True valet False  || open: True || categories:  Food Specialty Food Specialty Schools Education Cooking Schools  || 
Bob s Diner,city: Pittsburgh || review_count: 24 || name: Bob s Diner || type: business || full_address: 1870 Painters Run Rd Pittsburgh PA 15241 || hours:  Monday close 20 00 open 07 00 Tuesday close 20 00 open 07 00 Friday close 20 00 open 07 00 Wednesday close 20 00 open 07 00 Thursday close 20 00 open 07 00 Saturday close 15 00 open 07 00  || state: PA || longitude:  80 0833415 || stars: 4 0 || latitude: 40 3628902 || attributes:  Take out True Accepts Credit Cards True Price Range 1 Outdoor Seating False Caters True Noise Level average Parking garage False street False validated False lot False valet False Delivery False Attire casual Has TV False Good For dessert False latenight False lunch False dinner False brunch False breakfast True Takes Reservations False Ambience romantic False intimate False classy False hipster False divey False touristy False trendy False upscale False casual True Waiter Service True Wi Fi no Good for Kids True Good For Groups True Alcohol none  || open: True || categories:  Diners Restaurants  || 
Desert West Obstetrics Gynecology Ltd,city: Phoenix || review_count: 4 || name: Desert West Obstetrics Gynecology Ltd || type: business || full_address: 9305 West Thomas Rd Ste 550 Phoenix AZ 85037 || state: AZ || longitude:  112 260375 || stars: 3 5 || latitude: 33 477997 || attributes:  By Appointment Only True  || open: True || categories:  Doctors Health Medical Obstetricians Gynecologists  || 
Smog Pros,city: Las Vegas || review_count: 5 || name: Smog Pros || neighborhoods:  Chinatown  || type: business || full_address: 7013 Spring Mountain Rd Chinatown Las Vegas NV 89117 || state: NV || longitude:  115 2448832 || stars: 3 5 || latitude: 36 1256904 || open: True || categories:  Automotive Smog Check Stations  || 
LOFT,city: Chandler || review_count: 4 || name: LOFT || type: business || full_address: 3111 West Chandler Blvd Chandler AZ 85226 || hours:  Monday close 21 00 open 10 00 Tuesday close 21 00 open 10 00 Friday close 21 00 open 10 00 Wednesday close 21 00 open 10 00 Thursday close 21 00 open 10 00 Sunday close 18 00 open 11 00 Saturday close 21 00 open 10 00  || state: AZ || longitude:  111 899992 || stars: 3 5 || latitude: 33 3019 || attributes:  Accepts Credit Cards True Price Range 3 Parking garage False street False validated False lot False valet False  || open: True || categories:  Women s Clothing Fashion Shopping Shoe Stores  || 
Dunkin Donuts,city: Chandler || review_count: 11 || name: Dunkin Donuts || type: business || full_address: 990 E Riggs Rd Ste 1 Chandler AZ 85249 || hours:  Monday close 20 00 open 04 00 Tuesday close 20 00 open 04 00 Friday close 20 00 open 04 00 Wednesday close 20 00 open 04 00 Thursday close 20 00 open 04 00 Sunday close 20 00 open 06 00 Saturday close 20 00 open 05 00  || state: AZ || longitude:  111 825023427 || stars: 2 5 || latitude: 33 2192952131 || attributes:  Accepts Credit Cards True Price Range 1 Outdoor Seating True Wi Fi free Parking garage False street False validated False lot False valet False  || open: True || categories:  Food Donuts Coffee Tea  || 
